province,city,pm25,pm10,so2,no2,co,o3,temp,rh,psfc,u,v
上海|上海,上海|上海,43.825504,48.403084,23.858774,38.633404,1.1402929,36.033657,275.08444,79.850426,103090.05,1.2550818,-6.988782
中国香港,九龙城区,30.669619,44.394978,10.070939,26.143583,0.86863446,20.207495,283.99527,73.12199,102142.04,-2.6362057,-9.295045
中国香港,元朗,36.89327,56.97343,16.987505,43.196335,1.2900468,6.395798,280.09573,65.778175,101476.21,-3.7972918,-9.426304
中国香港,大埔区,32.312355,48.040943,10.458184,29.290823,1.0641674,16.1005,282.04327,79.9032,101473.35,-2.8948622,-11.580795
中国香港,西貢,30.199991,44.85777,8.520116,20.451555,0.9036586,22.879778,283.6426,79.9412,101892.37,-2.5743375,-12.228279
內蒙古自治區|内蒙古自治区,乌兰察布市,36.804947,49.60033,32.25936,15.810742,1.1673373,50.73939,250.90904,45.76745,86338.66,4.675002,0.22149095
內蒙古自治區|内蒙古自治区,乌海市,35.377964,65.64074,178.50558,38.380726,1.5874214,15.733816,258.5296,35.775986,86575.42,-1.2664567,0.606144
內蒙古自治區|内蒙古自治区,兴安盟,3.6879618,4.3447576,2.9633706,1.9763956,0.21494554,56.432877,254.65565,49.682957,95178.914,8.832278,-1.56443
內蒙古自治區|内蒙古自治区,包头市,55.555027,71.38268,70.47396,25.399725,1.5279735,40.72688,252.01161,43.778347,86069.44,3.999046,1.2918459
內蒙古自治區|内蒙古自治区,呼伦贝尔市,2.6004364,3.1090472,3.071955,2.0271103,0.20647335,51.678894,249.46288,66.744316,93375.8,6.949401,1.6396
內蒙古自治區|内蒙古自治区,呼和浩特市,86.494194,120.393654,89.21913,36.189056,2.546356,28.556843,251.12137,45.75848,87203.68,1.3001479,-0.23690665
內蒙古自治區|内蒙古自治区,巴彦淖尔市,30.608465,36.3557,33.415936,15.859916,0.46504027,48.374355,253.45831,42.6338,87924.3,0.89129144,0.71663076
內蒙古自治區|内蒙古自治区,赤峰市,13.59666,16.500164,12.133213,6.1368165,0.3195472,55.755905,255.24286,42.302254,92427.81,8.193873,-1.1112974
內蒙古自治區|内蒙古自治区,通辽市,11.3320875,13.668836,9.07004,5.6084733,0.30065542,50.153885,255.57661,55.52674,98587.27,6.9385962,0.6172416
內蒙古自治區|内蒙古自治区,鄂尔多斯市,47.71412,61.745228,47.955173,22.47281,0.91197485,26.24298,256.69284,55.300995,87558.38,-1.4138309,1.2295228
內蒙古自治區|内蒙古自治区,锡林郭勒盟,6.8362155,8.021999,4.321085,2.9129527,0.23940167,55.794643,246.06512,61.332016,89481.43,5.99036,2.048874
內蒙古自治區|内蒙古自治区,阿拉善盟,13.8446455,17.935583,15.966198,6.6481647,0.34411308,41.902405,256.98083,39.64263,88097.14,-1.133122,-0.17993821
北京|北京,北京|北京,87.52081,128.76039,91.61778,48.531567,1.5534265,34.47101,261.17468,40.466698,99026.41,3.0320733,-1.725166
吉林,吉林市,37.512302,52.95394,32.417465,26.941586,0.8674199,36.87913,252.86359,72.01853,97994.266,3.083621,6.284107
吉林,四平市,45.50624,68.44498,51.445705,30.01379,1.2562201,38.151947,253.23,73.48098,100399.984,4.209736,5.6279016
吉林,延边朝鲜族自治州,18.230665,19.847975,9.134133,11.240877,0.3265497,42.41768,254.92274,59.64532,94635.82,7.6840906,1.753408
吉林,松原市,25.098402,33.253616,16.171703,12.970361,0.58917814,42.386246,252.90019,70.97167,100655.99,5.3097553,4.9506464
吉林,白城市,8.602912,10.253465,4.706735,4.3323526,0.2634471,50.225124,256.0257,53.85549,100663.92,7.1664834,1.6536452
吉林,白山市,18.139772,22.32823,12.166601,13.805804,0.3808372,43.0828,253.94847,63.434822,92841.57,2.1811361,4.1748686
吉林,辽源市,49.25539,74.020645,52.641903,33.01471,1.1982907,35.85843,255.01588,71.453865,98462.5,4.827321,5.517652
吉林,通化市,35.89359,47.145878,24.637512,22.73082,0.6253622,31.697283,254.90129,68.438614,96640.734,1.1324506,3.8689156
吉林,长春市,54.518513,77.83662,41.615658,33.44262,1.2362207,37.222164,252.21843,73.52762,100288.59,4.7426267,6.3134327
四川,乐山市,91.95991,95.34878,29.892912,19.6052,0.9300201,35.963028,270.56598,81.05122,89528.24,-0.81015325,-1.6277198
四川,内江市,81.93501,72.32902,22.706043,23.00494,1.563674,23.921898,275.06537,77.9348,97471.25,-0.73882365,-1.490045
四川,凉山彝族自治州,22.27333,24.418604,6.544516,3.060685,0.3009485,73.341324,276.74365,57.297363,73643.18,8.840277,4.514519
四川,南充市,73.03974,79.8548,26.353178,16.139132,1.0477443,31.218212,274.88608,51.28827,97585.71,-3.7676475,1.0195099
四川,宜宾市,129.54608,147.6158,42.10061,19.464104,1.2758005,32.480488,274.17114,79.1969,95764.516,0.424074,-2.268068
四川,巴中市,77.8046,86.26126,27.199722,10.566001,0.6598722,41.110443,270.9357,57.92059,93098.56,-3.9970958,0.11173387
四川,广元市,71.716995,77.804924,25.48642,9.802071,0.6405809,41.44795,269.4386,78.73983,92134.01,-3.4655836,0.12245218
四川,广安市,43.667606,52.510326,16.866106,15.275858,1.1288817,29.356441,275.6282,46.298737,97560.945,-2.8977864,2.6674774
四川,德阳市,77.29087,70.40493,22.096148,18.194103,0.8740648,37.269962,270.8869,84.71295,92406.24,-2.3137276,-2.3617744
四川,成都市,79.02749,80.00637,23.672338,25.839073,0.9787716,32.77991,271.8843,79.14237,94294.13,-2.1419866,-2.5711079
四川,攀枝花市,24.29751,27.245556,11.813552,6.470664,0.34215355,63.960995,283.45166,54.58739,81236.14,5.161557,4.8259315
四川,泸州市,66.65409,82.02962,30.349957,13.566091,1.0581119,36.28832,274.15408,66.99378,94077.336,-2.6680214,1.38788
四川,甘孜藏族自治州,5.004692,5.440921,0.8675167,0.5135963,0.14748311,80.13571,266.16565,50.347775,60483.06,10.071008,2.3534098
四川,眉山市,89.9143,85.73157,26.866272,24.601276,1.088984,30.230738,272.83737,77.752335,94952.29,-0.8212752,-2.1629145
四川,绵阳市,68.468636,67.20929,22.79029,12.582107,0.70679194,39.56296,268.76932,83.43781,88428.89,-2.1346686,-0.6723734
四川,自贡市,102.4021,99.875046,31.015194,23.926249,1.4891931,25.225037,275.00836,77.20682,97392.17,-0.2511901,-2.0145974
四川,资阳市,76.212715,61.739143,19.496744,18.887226,1.2699394,30.751213,274.66797,75.99603,97550.93,-1.5802608,-1.5875745
四川,达州市,69.39769,78.46762,29.629007,12.638161,0.73623204,36.95774,272.96802,48.508144,94778.5,-3.8739233,1.0200366
四川,遂宁市,61.04313,51.490677,18.57628,17.696732,1.212696,28.276237,275.09497,64.061035,97965.5,-2.7315185,-0.098390155
四川,阿坝藏族羌族自治州,11.30396,12.097705,2.9497955,2.036836,0.2085609,73.362526,268.19254,48.457664,65042.02,7.702942,1.3352277
四川,雅安市,54.327938,57.365856,15.988088,10.047081,0.60216326,54.731735,268.49658,72.64047,79644.16,-0.7473061,-0.30356854
天津|天津,天津|天津,148.97946,211.49014,142.95349,69.19716,3.4617093,23.987186,261.49673,53.663887,103299.61,4.2582664,0.62856674
安徽|安徽,亳州市,62.188892,96.4662,46.628033,37.88294,1.5101725,26.201426,266.82227,43.294373,103188.58,-1.647294,-2.424006
安徽|安徽,六安市,60.352753,66.16302,23.015274,21.587887,1.143731,31.314653,267.95923,55.831497,100832.21,-1.9406013,-2.2884042
安徽|安徽,合肥市,65.77779,68.317444,24.16122,22.130526,1.2634202,31.39883,268.7441,55.41693,102963.96,-1.1834253,-3.349467
安徽|安徽,安庆市,60.89535,65.903786,19.688484,21.999542,0.9756055,28.247362,269.7532,63.54523,101165.32,-3.319206,-4.8041577
安徽|安徽,宣城市,61.434677,68.99053,23.763487,33.93555,1.1614733,25.743773,269.24454,76.74218,100701.51,-1.0729753,-3.2668698
安徽|安徽,宿州市,56.138935,92.0416,56.305008,41.52648,1.7315325,40.21476,265.89102,46.132298,103126.96,-0.95041704,-2.9250934
安徽|安徽,巢湖市,64.747894,68.60934,21.743206,24.656992,1.0301504,33.18532,269.9279,61.16502,103035.24,-1.1706605,-3.9666073
安徽|安徽,池州市,65.955124,71.94556,23.860905,30.111517,0.93060803,21.441534,269.64023,77.85587,100973.29,-3.5202994,-3.8485055
安徽|安徽,淮北市,58.36642,102.65762,81.15252,47.400623,1.5535945,23.293581,266.2296,43.71413,103189.23,-1.1866692,-2.542837
安徽|安徽,淮南市,66.095,81.06898,35.271,33.19774,1.609281,17.727655,267.46124,47.355087,103197.805,-1.5606399,-3.0066426
安徽|安徽,滁州市,61.978905,70.89369,21.915955,20.798452,1.1668543,44.58298,268.37912,61.464474,102849.84,-0.47401986,-3.7383447
安徽|安徽,芜湖市,67.94731,83.3656,31.397158,38.475216,1.1350082,21.614597,270.38107,63.788277,103001.195,-1.7738907,-3.3477283
安徽|安徽,蚌埠市,56.928104,74.32097,34.158714,30.396584,1.6031162,38.703506,267.08127,48.96144,103189.4,-0.9614659,-3.1418715
安徽|安徽,铜陵市,66.099884,75.245636,28.298956,33.60304,1.0110093,23.964409,270.95624,69.37391,102910.46,-2.702324,-2.9343643
安徽|安徽,阜阳市,81.83668,106.63373,29.368647,31.588041,1.5202354,23.346786,267.64954,39.8034,103154.32,-2.2598722,-2.5661237
安徽|安徽,马鞍山市,63.99004,89.55155,37.3407,42.69427,1.2268922,21.047764,270.27237,62.998325,103304.42,-0.46979812,-4.1514235
安徽|安徽,黄山市,67.15705,64.17642,21.231901,26.269224,0.9407324,27.14251,268.94333,86.352715,98555.59,-2.7675748,-3.6814287
寧夏回族自治區|宁夏回族自治区,中卫市,55.03339,73.46012,50.79731,20.301685,0.99778616,25.022696,262.07764,56.60131,83621.914,-0.21821381,0.961038
寧夏回族自治區|宁夏回族自治区,吴忠市,58.11548,86.41006,69.65372,21.466063,1.2328258,24.529787,262.02615,51.239914,85166.41,-0.3010282,2.449234
寧夏回族自治區|宁夏回族自治区,固原市,61.656387,69.42015,27.646011,12.340702,0.643595,35.373558,261.43857,71.32508,80989.89,-0.5026103,4.4709573
寧夏回族自治區|宁夏回族自治区,石嘴山市,36.40922,78.17942,148.30176,37.58251,1.776545,20.842749,260.49506,36.602295,87256.02,-1.6203815,-1.4646019
寧夏回族自治區|宁夏回族自治区,银川市,52.30089,94.17956,133.42061,34.657536,1.5480707,22.275854,261.87277,41.4279,87464.91,-1.1557515,-0.85164225
山東|山东,东营市,96.583,116.86227,78.3445,48.291096,1.8482274,27.890547,263.12497,60.158394,103439.01,4.7817264,0.18928875
山東|山东,临沂市,58.952553,107.511955,78.01772,55.53877,2.1637883,25.520409,263.50122,53.065563,101499.69,0.0970005,-2.7682076
山東|山东,威海市,52.22949,58.93508,33.67187,28.27457,0.6452224,39.413143,268.1,78.53693,102583.98,3.5257974,-1.7530333
山東|山东,德州市,80.45932,102.12261,123.66391,56.76232,1.7824967,35.032166,263.25345,47.988884,103329.7,0.53291523,2.5883422
山東|山东,日照市,68.20178,115.063255,93.735115,57.442043,1.9503026,18.999977,263.39072,61.18677,101580.63,0.71624506,-3.5852995
山東|山东,枣庄市,71.82127,120.20938,105.00111,57.582455,2.3898704,26.721937,263.89148,43.46903,102222.28,-0.7024889,-1.8029842
山東|山东,泰安市,56.52645,109.830154,78.736595,63.467022,1.5164518,24.84267,262.96487,42.620846,101464.39,-0.8977191,-0.49672982
山東|山东,济南市,63.60678,111.74651,109.81409,66.34697,1.6602409,28.170952,262.69424,45.722332,102054.31,0.24842666,1.2521063
山東|山东,济宁市,75.91645,126.68445,105.27403,60.842007,2.0167534,22.30229,263.74142,44.32332,102996.78,-0.86091214,-0.56349087
山東|山东,淄博市,60.56866,142.26299,112.300934,69.09133,1.6174139,20.75843,262.02637,49.63806,100590.07,1.1224837,0.084961385
山東|山东,滨州,91.83668,110.23535,96.96508,49.65598,2.181609,38.693897,261.94357,52.48424,103436.79,3.0243661,0.3705143
山東|山东,潍坊市,80.33786,130.37563,114.877914,65.43552,1.5094349,20.330595,262.4193,58.464634,102264.38,3.522309,-1.1811134
山東|山东,烟台市,71.659836,80.65742,50.326523,40.280586,0.88293815,36.548183,266.37195,82.36366,102106.24,3.5514436,0.02603566
山東|山东,聊城市,81.81435,114.81781,86.03065,57.118908,1.3994551,23.336992,264.72513,43.07999,103106.27,-0.08540901,2.9488022
山東|山东,莱芜市,50.106285,132.98154,96.0674,68.348625,1.3834523,23.498985,262.15463,46.312485,99439.016,-0.70787203,-1.4323267
山東|山东,菏泽市,92.084045,147.52338,72.31284,50.420036,2.2036562,21.552963,265.02936,43.122475,103002.484,-0.954484,0.6484483
山東|山东,青岛市,86.59804,110.02212,101.6796,61.84365,1.3493562,24.256973,263.6961,74.343315,102811.29,3.9884326,-2.205976
山西,临汾市,77.80723,90.247345,64.68863,21.536728,1.0805367,33.68126,262.43146,31.863798,90848.76,0.47893143,-0.16174625
山西,吕梁市,61.49055,67.06193,60.530724,18.088345,2.0484836,35.64074,259.73447,41.804348,88259.67,1.1704679,-0.3626779
山西,大同市,68.11208,91.62663,111.603355,38.228195,1.389259,35.14722,254.5157,40.61355,87680.32,3.7777188,-2.0806482
山西,太原市,51.73092,71.82907,61.98969,22.309614,1.9783939,31.890882,260.12753,33.773277,88048.836,2.0348973,-1.3021538
山西,忻州市,28.656635,43.480076,20.30683,18.081223,0.71137017,42.1394,257.33707,33.134018,86519.516,1.9597982,-1.4713289
山西,晋中市,83.85268,101.23345,104.13669,24.466696,2.29605,37.46719,260.76993,31.254696,89126.055,2.4230392,-0.5751132
山西,晋城市,109.794754,156.99876,111.05827,39.32134,1.1017759,22.641088,262.3161,34.67945,91221.31,0.82850754,-0.7265197
山西,朔州市,55.62305,75.80019,46.596203,29.583502,1.5028852,34.863243,253.72755,40.761845,87134.8,3.0990024,-1.1586401
山西,运城县,114.74078,145.00932,90.05709,39.725056,1.4874434,16.56836,265.47488,33.5291,95245.47,-2.0554018,-0.87055176
山西,长治市,102.96402,129.32283,132.20949,31.961628,1.9595815,32.692204,260.93057,34.949905,89390.305,2.5880644,-0.096155174
山西,阳泉市,52.84604,89.60522,51.404488,26.097656,0.7630103,32.726223,261.52216,28.213537,91019.68,6.0872293,-1.7911755
廣東|广东,东莞市,32.456528,46.156853,14.026677,30.3365,1.2379237,14.99738,280.1046,68.145355,102131.75,-3.474545,-6.709523
廣東|广东,中山市,41.219738,57.23287,25.777866,40.542778,1.4792463,11.200601,281.2273,71.59906,102141.99,-1.7279159,-8.399336
廣東|广东,云浮市,23.94405,36.63803,10.692769,15.0801,0.89293605,26.295773,278.144,75.462555,100090.49,-2.8064752,-4.6638584
廣東|广东,佛山市,31.460987,40.133568,20.139511,28.839428,1.329286,15.905188,278.3538,68.143845,102261.02,-2.4012585,-8.377693
廣東|广东,广州市,29.660248,38.631596,13.7350445,24.98286,1.1585593,18.527527,278.8208,69.23177,101300.61,-2.5709596,-7.6091585
廣東|广东,惠州市,28.944248,39.457344,9.468194,16.166765,0.8818539,24.053957,278.43954,72.59756,100188.016,-3.337665,-8.921756
廣東|广东,揭阳市,35.39982,42.51945,12.705273,14.997101,0.4547927,30.918472,283.1138,69.00887,100849.34,-0.9573522,-8.575701
廣東|广东,梅州市,38.345566,43.441364,11.804441,12.198705,0.43963447,33.77847,277.5234,77.20965,98712.64,0.9023065,-5.9049916
廣東|广东,汕头市,35.33293,39.77025,13.79338,17.501028,0.41658062,33.298386,284.46237,69.795555,101881.09,-1.7939494,-7.802742
廣東|广东,汕尾市,27.815668,37.286854,9.335916,12.542586,0.5623454,30.463448,283.07614,69.4535,100408.52,-2.1321466,-8.544082
廣東|广东,江门市,34.063633,44.80347,19.67375,26.682575,1.1764853,20.60711,279.62222,71.4823,101517.88,-2.5190585,-10.155635
廣東|广东,河源市,34.304287,44.310143,10.375025,13.220255,0.5647735,29.047165,275.23975,76.67433,98993.84,-1.13661,-8.294929
廣東|广东,深圳市,33.5301,50.042168,12.778412,32.695175,1.2368411,13.319687,279.4657,69.70888,101470.586,-3.908843,-9.761249
廣東|广东,清远市,32.557755,42.134926,11.723783,14.67886,0.6513681,33.36982,275.08676,76.31428,98490.19,-2.5034857,-7.562417
廣東|广东,湛江市,53.106728,57.364647,10.498892,14.526421,0.46760875,33.694134,283.88507,73.4009,101856.516,-3.0814395,-7.0169935
廣東|广东,潮州市,35.592068,36.9919,11.542335,15.27921,0.40852076,34.437416,282.9753,73.11175,100159.06,-0.922862,-7.332402
廣東|广东,珠海市,40.060993,55.362526,25.381191,38.15142,1.2529695,17.11889,282.5857,73.7392,102098.266,-2.4157553,-10.20571
廣東|广东,肇庆市,21.226599,33.824654,10.248164,15.0632515,0.85067374,27.42095,277.93018,72.03433,100156.64,-3.309893,-5.7432947
廣東|广东,茂名市,38.42216,46.77514,9.481587,10.615339,0.4694602,34.34295,281.29886,71.50178,99994.445,-4.8455744,-6.884678
廣東|广东,阳江市,29.384129,39.211414,10.898939,12.19016,0.64021015,34.54545,279.5687,70.36597,100619.29,-3.4647298,-9.555311
廣東|广东,韶关市,41.892155,49.759098,12.834417,12.962703,0.5209558,36.835552,273.68033,78.06727,97854.67,-2.418735,-5.8254113
廣西壯族自治區|广西壮族自治区,北海市,49.886,54.979225,12.815903,10.755813,0.6101077,34.743202,280.27545,72.30151,102020.45,-2.7632825,-8.102308
廣西壯族自治區|广西壮族自治区,南宁市,40.24987,42.77297,14.052472,15.561448,0.94197106,28.496122,276.95517,71.61892,100233.26,-3.0214412,-6.336509
廣西壯族自治區|广西壮族自治区,崇左市,41.47434,43.96407,13.326709,9.453093,0.6901578,36.3227,277.1333,74.06946,98871.695,-3.3976555,-5.096382
廣西壯族自治區|广西壮族自治区,来宾市,48.741295,54.706642,18.644403,12.926145,0.6515694,36.825417,276.05692,73.21708,99063.76,-2.075325,-6.0392966
廣西壯族自治區|广西壮族自治区,柳州市,57.44494,63.83324,20.05622,10.4867115,0.5385602,43.243206,274.1761,69.06824,98327.08,-2.8803196,-5.8880677
廣西壯族自治區|广西壮族自治区,桂林市,68.314415,76.177986,21.30831,12.233938,0.5927018,40.832253,272.37915,76.25119,96729.97,-4.604833,-5.3593946
廣西壯族自治區|广西壮族自治区,梧州市,39.050846,52.282543,13.074056,10.396258,0.5686085,36.662186,277.57748,73.09372,99853.85,-2.979966,-5.7544208
廣西壯族自治區|广西壮族自治区,河池市,48.722256,52.669476,13.966171,5.816158,0.49659792,50.37895,274.9102,66.74211,95874.984,-3.3171968,-2.633445
廣西壯族自治區|广西壮族自治区,玉林市,52.691933,59.027798,13.033912,10.220626,0.56035817,34.754562,278.61877,74.49888,100199.26,-4.1783824,-7.7396193
廣西壯族自治區|广西壮族自治区,百色市,48.488697,52.31686,13.436355,5.314733,0.47550908,50.672115,276.1212,73.113716,93691.94,-2.3647816,-0.25388974
廣西壯族自治區|广西壮族自治区,贵港市,52.573597,58.690105,14.430945,10.5761595,0.62603486,37.506176,277.90134,71.72479,100752.61,-3.8621156,-5.2699175
廣西壯族自治區|广西壮族自治区,贺州市,43.88395,56.271393,14.000439,10.552361,0.5382036,42.8652,274.86017,75.920654,97902.12,-3.3067365,-7.6558547
廣西壯族自治區|广西壮族自治区,钦州市,43.5151,46.760723,13.066156,12.853918,0.86786103,30.487892,278.46155,73.66612,101341.51,-2.7003088,-8.282814
廣西壯族自治區|广西壮族自治区,防城港市,41.985752,44.582596,15.178585,13.358913,0.78966963,30.965134,277.37488,78.010216,99676.92,-1.4965026,-8.072985
新疆維吾爾自治區|新疆维吾尔自治区,乌鲁木齐市,23.764196,26.503452,6.3302455,13.189005,0.7195388,57.625233,260.55032,42.073986,80604.88,-0.31761023,2.448629
新疆維吾爾自治區|新疆维吾尔自治区,伊犁哈萨克自治州,6.3237762,7.302552,4.8057942,3.144417,0.200803,60.437347,261.33243,61.55768,80406.11,1.1220607,0.6172899
新疆維吾爾自治區|新疆维吾尔自治区,克孜勒苏柯尔克孜自治州,2.5674443,2.9168499,1.0292542,1.0479704,0.18506762,72.54396,256.34317,47.244434,69671.44,6.8755264,-3.0410745
新疆維吾爾自治區|新疆维吾尔自治区,克拉玛依市,15.328651,17.822935,19.51776,11.452465,0.25505063,47.153286,255.03024,69.539406,98690.26,-0.7683565,-0.06296128
新疆維吾爾自治區|新疆维吾尔自治区,博尔塔拉蒙古自治州,10.843858,12.134272,7.1417108,3.935541,0.22116113,56.147594,259.84015,66.33342,86976.42,0.8425918,0.8252482
新疆維吾爾自治區|新疆维吾尔自治区,吐鲁番地区,5.5640287,6.2547097,2.5524874,1.5137953,0.23554838,60.430977,260.24344,56.34445,90930.96,0.6499904,0.38384715
新疆維吾爾自治區|新疆维吾尔自治区,和田地区,10.847037,11.755293,2.449962,0.98189,0.21708737,64.84681,257.4177,59.97006,74814.26,5.8065457,1.4350294
新疆維吾爾自治區|新疆维吾尔自治区,哈密地区,3.2195938,3.5560646,1.9201384,1.1257426,0.16764896,57.311653,260.0332,43.135887,88790.08,-0.99233735,1.8409692
新疆維吾爾自治區|新疆维吾尔自治区,喀什地区,19.001783,20.947395,5.6625495,2.8822243,0.2815526,70.54563,257.2767,61.736683,76862.21,5.604052,1.6885023
新疆維吾爾自治區|新疆维吾尔自治区,塔城地区,11.031499,12.368412,8.627705,5.4669147,0.24573858,58.112152,259.44177,54.657818,89828.39,0.21832801,0.09698343
新疆維吾爾自治區|新疆维吾尔自治区,巴音郭愣蒙古自治州,3.8621738,4.1615996,1.4232008,0.66642994,0.16561238,57.675007,258.94916,54.65104,79228.336,2.822513,0.6222571
新疆維吾爾自治區|新疆维吾尔自治区,昌吉回族自治州,22.292809,22.847464,5.8163424,12.45675,0.50992036,50.723133,258.96677,53.055485,90706.43,-1.2913299,1.0737877
新疆維吾爾自治區|新疆维吾尔自治区,石河子市,67.125885,74.39178,38.214584,44.538006,1.0763185,25.342167,258.8635,60.533745,95453.0,1.3319151,0.1688414
新疆維吾爾自治區|新疆维吾尔自治区,阿克苏地区,14.696515,16.112898,6.129067,2.5958529,0.23915792,58.408813,259.78244,66.2593,85786.52,0.6267282,-0.7953116
新疆維吾爾自治區|新疆维吾尔自治区,阿勒泰地区,2.215753,2.4494472,1.1870791,0.8881236,0.17680533,59.468353,260.4422,49.350147,89034.16,-4.1108217,2.4802656
江蘇|江苏,南京市,56.50617,82.53865,34.65055,39.09711,1.1827193,28.01383,269.898,64.4768,103160.26,0.10072065,-4.1316195
江蘇|江苏,南通市,45.197273,46.88566,15.882289,15.004903,0.8207221,53.90111,273.13922,76.87419,103171.305,2.0375595,-5.545094
江蘇|江苏,宿迁市,57.440594,79.70111,44.909046,33.115795,1.6512897,57.590786,266.8832,57.18978,103342.96,0.34742078,-4.3100905
江蘇|江苏,常州市,58.71627,75.04039,34.267952,39.77429,1.2806184,31.0994,271.50342,63.93302,103152.52,0.42280817,-5.185297
江蘇|江苏,徐州市,61.3933,103.04531,78.73095,49.004593,2.211679,37.25256,264.85165,47.205284,103125.0,-0.5476954,-2.8513896
江蘇|江苏,扬州市,52.596184,71.60102,26.59707,27.66565,1.1289461,51.943672,269.84662,67.90217,103305.83,0.7145032,-4.464111
江蘇|江苏,无锡市,62.888348,73.38114,40.886574,41.98316,1.438113,29.012808,272.25943,67.75997,103021.42,0.48697153,-5.6051803
江蘇|江苏,泰州市,57.81918,67.5351,26.693102,26.249964,1.1796347,49.020657,270.69363,68.987434,103219.85,1.5989968,-4.993352
江蘇|江苏,淮安市,62.795628,81.95618,34.120533,29.000837,1.2605854,55.523685,268.2505,67.7024,103292.28,0.5945949,-4.1597505
江蘇|江苏,盐城市,47.879025,67.918564,33.479206,27.782494,1.0174568,54.05772,270.59543,77.62705,103274.4,2.9455142,-4.5501204
江蘇|江苏,苏州市,57.339188,58.87125,31.822802,38.72931,1.3445945,34.736565,273.75195,76.41303,103127.51,0.2195797,-6.815757
江蘇|江苏,连云港市,54.202473,91.77327,72.69427,44.835045,1.9134479,36.506695,266.95615,62.947582,103189.484,2.133259,-4.118525
江蘇|江苏,镇江市,54.794636,76.11181,36.91456,38.08184,1.2488112,32.365284,270.56647,63.438244,103148.87,0.6722291,-4.7077546
江西,上饶市,55.877407,59.328003,20.541912,26.873562,0.87351716,25.789352,271.50897,85.029884,100701.08,-3.4855592,-4.1317573
江西,九江市,44.38175,50.28952,19.332937,22.616913,0.99689054,33.973713,271.13388,76.769104,100591.53,-3.6203048,-4.2051044
江西,南昌市,51.436905,55.906612,27.726936,30.100908,1.1900359,28.34849,273.14175,85.17885,102626.12,-3.1670675,-4.684115
江西,吉安市,59.654087,65.38185,18.33184,19.630863,0.7210669,28.79945,271.6231,81.74938,100055.055,-1.7106638,-4.750447
江西,宜春市,49.2055,54.197067,21.462786,23.715792,1.1009612,29.65297,271.6377,79.65609,100563.5,-2.9482954,-3.9398503
江西,抚州市,54.307484,58.076206,17.41605,22.740015,0.79247427,27.921585,271.48413,85.44381,100059.79,-1.3731849,-4.6228075
江西,新余市,53.895367,60.32235,23.271671,26.32274,1.0893117,25.152868,272.1333,80.938194,101604.25,-2.4157424,-4.8362246
江西,景德镇市,55.21962,59.783985,19.846458,26.73579,0.90064466,26.186731,271.33652,81.37916,101558.24,-2.7741249,-4.329221
江西,萍乡市,60.97651,64.84255,19.500286,19.579498,1.0944848,26.405495,271.46957,74.52466,99083.516,-4.1253915,-2.982085
江西,赣州市,53.19431,58.881702,13.298924,13.06039,0.5027697,35.99879,272.06735,83.117424,98208.35,-0.37250197,-6.158595
江西,鹰潭市,57.12395,61.76627,19.320683,26.83492,0.8678794,23.95395,271.84848,86.79482,101383.484,-2.673671,-4.0628133
河北,保定市,168.51807,231.75972,143.45515,62.01753,2.4488595,39.672127,262.32812,41.64347,99170.445,0.7592897,-0.16009197
河北,唐山市,121.71119,171.48126,93.073135,71.88773,2.5000963,22.931194,260.98553,52.12356,102641.38,4.0715885,-0.6570217
河北,廊坊市,191.57967,255.08699,171.90407,69.13012,3.4559948,33.003937,261.47107,54.586143,103345.9,2.4461305,1.2835641
河北,张家口市,41.32021,61.559536,72.48266,27.506369,0.72104096,50.995647,252.5679,45.926178,88134.58,4.309222,-3.0367057
河北,承德市,31.089748,45.80714,28.16569,24.959372,0.6351529,47.010937,255.5313,43.46622,91632.08,4.7253203,-4.4737215
河北,沧州市,129.70325,136.38216,156.72473,50.937588,2.7976964,49.64621,262.17496,53.15438,103416.0,1.3883198,2.1685512
河北,石家庄市,162.70639,293.6887,177.17867,57.732826,2.64061,24.481838,264.90573,33.837196,99865.69,1.375877,0.92970914
河北,秦皇岛市,82.79835,137.2057,76.02129,55.305447,2.689689,29.929518,260.50705,49.75259,100124.54,4.133469,-0.13118012
河北,衡水市,119.205505,182.34888,156.56995,61.377075,2.126707,23.90775,264.2694,45.29696,103252.07,0.6699158,4.05676
河北,邢台市,138.2234,234.68431,154.32874,57.128815,2.488458,18.595848,265.884,39.128056,101583.65,0.50835365,3.5645268
河北,邯郸市,129.14085,191.98012,119.63017,49.684254,1.9498003,22.017664,265.82037,38.907932,101040.305,0.8603923,3.3820813
河南,三门峡市,86.34263,108.21068,46.918385,29.901848,0.983464,22.684856,265.37317,40.90336,92638.836,-0.53149337,1.7171886
河南,信阳市,87.95863,90.44051,19.799927,23.307974,0.9245639,29.435307,268.22083,42.391354,101994.16,-3.3058944,-2.9772425
河南,南阳市,95.13379,114.44097,31.982357,25.572557,1.0444492,25.174545,267.60318,30.95071,99783.54,-2.1189332,-0.06240457
河南,周口市,83.86655,118.1902,29.77388,33.43492,2.323644,26.394775,267.2417,38.169674,102933.21,-1.9514859,-0.93662703
河南,商丘市,76.21137,118.6757,57.472485,43.486355,1.933967,23.387833,265.869,43.56529,103043.625,-1.4064211,-1.0109857
河南,安阳市,115.11107,173.08238,96.1901,48.614674,1.9074321,22.811876,265.95444,37.527367,100421.78,0.14151444,2.9267583
河南,平顶山市,81.64172,121.382935,48.88312,40.25406,2.214664,18.101004,267.2432,30.352009,100531.195,-1.6002862,1.2089301
河南,开封市,80.16466,125.28841,40.38822,38.37913,3.5066404,34.365128,266.65973,36.771267,102656.74,-1.1834633,1.1792159
河南,新乡市,86.645966,153.12923,61.0813,44.428173,2.8022256,24.192785,266.44785,35.068775,101460.58,0.149535,2.2682161
河南,洛阳市,80.27214,119.02408,48.85725,35.44116,1.2070295,18.358135,265.9015,38.74144,95396.4,-0.99565405,0.30683908
河南,济源市,88.34247,140.6512,59.21759,43.56317,1.1935296,13.352553,265.23267,34.05165,96787.06,0.03214391,-0.15265568
河南,漯河市,82.9648,120.59569,35.83035,35.884773,2.722397,25.652065,267.8973,30.25903,102765.39,-1.7491744,-0.18204881
河南,濮阳市,100.94931,148.44336,66.9239,50.72593,1.6344588,25.084488,265.41312,42.245434,102965.92,-0.44173467,2.8141866
河南,焦作市,93.17404,177.66614,33.655754,44.229317,1.6778296,9.821594,267.2944,31.82149,101402.33,0.13261689,-0.2720996
河南,许昌市,83.4946,129.46516,65.95176,44.630966,3.103336,22.344498,267.47675,29.769188,102016.08,-1.0862908,0.7760376
河南,郑州市,83.29301,148.64062,62.400852,47.038456,2.6542284,20.621395,266.8441,31.571331,100463.63,0.052991323,1.9926592
河南,驻马店市,106.45344,128.14153,25.098572,26.700035,1.376382,28.25138,267.81543,34.337322,102385.0,-2.5333972,-1.4401165
河南,鹤壁市,99.89094,156.27689,71.14416,46.82534,1.9827911,23.02203,266.36465,37.55979,101965.6,0.6303553,3.9297702
浙江,丽水市,51.676525,52.733887,28.164984,37.07781,1.011109,22.439058,270.31223,93.56585,95450.27,-1.9566681,-3.3335998
浙江,台州市,53.00487,56.52828,28.904816,45.251747,0.9984007,18.474447,274.71014,89.67879,99896.34,0.9152964,-7.4838915
浙江,嘉兴市,68.05932,62.43241,33.734497,53.961754,1.6171081,23.596973,273.70502,81.508156,103100.086,0.28415695,-6.1332903
浙江,宁波市,52.961708,55.877697,32.460075,44.975018,1.1808918,25.870478,276.00232,90.43385,101615.56,0.7568822,-6.9817076
浙江,杭州市,59.61504,56.73717,27.152029,39.466633,1.2287612,23.132484,270.4145,88.79654,99970.14,-1.1522719,-4.8001018
浙江,温州市,46.308643,51.109413,21.62927,36.848095,0.83613765,19.642094,274.20172,86.64496,98853.43,1.204435,-7.250453
浙江,湖州市,58.52308,63.63899,29.31914,46.347378,1.3195181,25.012882,271.6801,78.39585,101939.734,0.94713336,-4.3713307
浙江,绍兴市,76.59732,74.22919,54.43911,63.965717,1.5610574,11.611625,272.5926,95.47267,100855.234,0.86440057,-5.490656
浙江,舟山市,15.05912,18.377327,4.0018253,4.191501,0.4130227,63.530075,278.7266,77.16773,102639.2,-1.6300744,-8.401191
浙江,衢州市,55.752274,55.55943,26.736813,31.613127,1.0281489,24.245832,270.6757,89.45549,98993.4,-4.5428095,-3.4953191
浙江,金华市,62.127502,63.020073,39.351166,52.933525,1.3240063,13.74783,271.20383,93.50922,99376.73,-1.189642,-4.93365
海南,三亚市,30.277468,35.57133,8.568002,6.5658026,0.37428737,49.566658,291.14474,76.37684,99150.6,-6.0035396,-6.970448
海南,海南,41.124725,46.660797,8.980996,13.294962,0.38970578,38.291428,289.02127,87.916245,99564.55,-4.570894,-6.143855
海南,海口市,42.30471,50.429523,9.045771,23.381067,0.37575033,28.63141,289.6097,87.04885,101500.85,-5.336611,-6.7580495
湖北,仙桃市,62.784584,65.04111,19.443966,17.800728,0.86677897,41.923153,271.10822,40.91842,103019.195,-2.6730592,-4.9686065
湖北,十堰市,86.64952,100.45176,36.692814,18.441338,0.7541212,30.291428,267.06137,42.228924,94491.484,-3.5031579,-0.010337014
湖北,咸宁市,63.325798,59.938023,20.273212,17.290445,0.857963,36.976654,271.6719,56.333996,100984.09,-3.0760157,-2.3316157
湖北,天门市,59.298275,61.713257,17.256617,13.44954,0.7724884,43.59987,270.74518,36.54392,102979.695,-3.3179388,-4.4111238
湖北,孝感市,73.49084,69.935,16.274242,15.035939,0.8119264,40.922684,269.65872,41.392048,102376.59,-3.2157447,-4.6354737
湖北,宜昌市,72.829506,83.14738,42.731552,17.737726,0.6514411,35.2713,267.9408,38.140007,95406.21,-2.318315,-0.45267797
湖北,恩施土家族苗族自治州,55.018448,61.531857,24.645445,9.342115,0.4983157,47.04062,267.60986,53.102333,90325.766,-2.2950435,2.4139416
湖北,武汉市,81.515335,78.160866,25.78965,27.383593,0.9586033,31.025879,271.3935,46.5604,102890.98,-2.0102332,-3.9154115
湖北,潜江市,59.980526,63.84236,20.645718,15.419914,0.78767884,38.717854,271.07095,35.415142,102995.484,-3.3576965,-4.373766
湖北,神农架林区,60.770508,68.08182,27.223408,10.707203,0.53007,40.433674,264.989,64.762535,83474.305,-0.17794797,1.9713734
湖北,荆州市,66.39541,70.882965,26.278051,17.468313,0.85826725,36.189907,271.69022,39.730515,102713.54,-2.4733686,-4.469767
湖北,荆门市,62.393253,66.45662,21.114891,13.760044,0.70409465,39.359188,270.242,34.62545,101900.58,-2.5401258,-3.214199
湖北,襄樊市,86.23007,97.68365,35.000076,18.690506,0.7564024,32.529648,268.31418,32.409397,98845.09,-2.4498038,-0.730039
湖北,鄂州市,96.40834,82.80516,28.6345,22.904133,0.9193966,33.167614,272.39203,46.955692,102909.664,-2.0368588,-1.6060337
湖北,随州市,71.99878,71.733345,18.256937,16.568008,0.7332389,36.335182,268.56012,38.38537,101190.766,-3.2281842,-2.6179545
湖北,黄冈市,74.74341,69.49237,17.53965,18.330889,0.8363656,34.31215,270.311,52.93047,101056.84,-2.8106637,-2.4216528
湖北,黄石市,62.52981,62.13554,24.482025,20.28653,0.9342644,35.556187,271.58508,60.49471,101670.16,-4.154331,-1.1851687
湖南,娄底市|婁底市,54.53466,57.38379,23.914274,17.964287,1.0518848,33.355877,270.41498,67.68825,98460.52,-2.7038605,-4.4397297
湖南,岳阳市|岳陽市,56.80437,54.761665,19.933126,20.60742,1.2186648,30.329187,272.37277,59.967667,101763.08,-2.8459635,-3.8406582
湖南,常德市|常德市,60.844196,67.165276,29.20724,16.988745,0.9254983,34.633133,271.11853,38.167133,100815.16,-2.6509724,-4.0979185
湖南,张家界市|張家界市,60.69386,68.40806,24.604818,12.192466,0.55003643,41.830505,269.07727,38.911743,96388.73,-4.454601,-1.3540851
湖南,怀化市|懷化市,65.70342,73.16495,22.610182,10.516791,0.58296335,43.449635,270.445,62.864887,97508.52,-3.4795163,-3.2724633
湖南,株洲市|株洲市,58.869995,63.724648,20.579739,18.23412,1.1382785,28.495174,272.38217,74.505684,99202.625,-3.217199,-3.0501828
湖南,永州市|永州市,70.43431,80.66008,24.09161,15.173713,0.69934314,37.207462,271.47885,81.409546,97500.945,-3.434866,-5.3849816
湖南,湘潭市|湘潭市,53.31,54.38036,31.036787,31.290358,1.6849576,20.498573,272.6375,71.00831,101732.47,-1.2673059,-5.132611
湖南,湘西土家族苗族自治州|湘西土家族苗族自治州,57.553448,64.14751,20.886175,9.151564,0.5200772,45.744583,269.74036,46.45572,96443.95,-4.7049026,-0.81207204
湖南,益阳市|益陽市,57.081547,58.42769,23.665243,19.659918,1.2380389,31.631245,271.12103,59.667843,100417.734,-1.8909894,-4.592641
湖南,衡阳市|衡陽市,58.721367,63.12031,25.201548,20.834572,1.1538866,27.124388,272.8256,74.153786,101121.55,-1.7998484,-5.148539
湖南,邵阳市|邵陽市,68.9576,77.4638,26.75907,15.397763,0.77121633,36.80976,269.82086,76.72319,96261.25,-3.8364463,-3.0790782
湖南,郴州市|郴州市,59.753563,67.27021,17.322426,13.92093,0.5612843,39.45489,271.52228,83.44089,96737.92,-0.84149766,-4.553097
湖南,长沙市|長沙市,57.33202,55.66904,21.278442,24.372116,1.479168,24.10239,272.318,70.79164,101027.47,-1.6026187,-3.4651656
甘肅|甘肃,临夏回族自治州,65.59798,95.97264,25.852804,20.3259,1.9367597,38.11854,262.7959,74.87953,76702.67,-0.14459495,-0.53673774
甘肅|甘肃,兰州市,58.620747,82.77393,23.97983,19.872679,1.3412588,35.76323,262.32962,73.23838,78874.57,-0.8807913,-0.9464208
甘肅|甘肃,嘉峪关市,15.560657,18.878542,15.366005,12.135724,0.27109665,42.65975,260.8744,36.58882,81633.59,-0.19323182,1.0678566
甘肅|甘肃,天水市,56.29178,63.498802,23.07142,7.8310146,0.5595276,43.125866,263.54968,73.85182,82688.516,-1.6627057,5.112405
甘肅|甘肃,定西市,56.546852,71.8359,18.38754,9.110604,1.1038535,43.69758,262.31934,76.87893,76941.914,-1.3796393,1.6694062
甘肅|甘肃,平凉市,64.79042,77.21598,31.916029,15.193344,0.8578953,34.896336,262.845,62.479244,84881.805,-1.2907468,4.2297096
甘肅|甘肃,庆阳市,62.48166,74.482925,30.821117,15.755937,0.8008379,30.119791,261.6815,47.499187,86117.47,-0.80269,2.871437
甘肅|甘肃,张掖市,9.105034,10.34903,4.793275,4.069774,0.21281447,64.59181,258.8057,46.98327,73784.164,2.4380517,0.114579454
甘肅|甘肃,武威市,31.457407,37.617207,16.510128,9.391436,0.55580205,39.417656,258.76947,49.29919,81247.49,0.13505238,-0.8413782
甘肅|甘肃,甘南藏族自治州,14.6252775,17.094646,3.6561394,2.419283,0.28015855,63.054302,264.65073,62.53102,66784.83,4.0593834,0.0072989534
甘肅|甘肃,白银市,54.21374,68.800606,20.97096,13.217898,0.9183922,33.496735,262.0965,69.58535,81423.02,-0.8438147,1.4162313
甘肅|甘肃,酒泉市,4.8231397,5.4090962,3.2296515,2.0451946,0.17293803,56.083237,258.74664,45.647007,80798.97,-0.4042874,0.8845618
甘肅|甘肃,金昌市,22.557024,25.992535,15.185355,9.793359,0.373759,48.338413,259.9685,43.619846,80494.12,1.8617858,-0.7903019
甘肅|甘肃,陇南市,60.313595,66.17184,21.472296,6.511867,0.51275617,45.491226,263.2553,83.32768,82056.445,-1.8031203,3.1262915
福建,三明市,39.35812,46.13453,14.770185,13.655802,0.44241136,37.912384,273.41476,90.835556,96011.54,-0.43687212,-2.7865121
福建,南平市,40.49915,46.933357,16.39934,19.4105,0.5341583,33.137215,273.37894,89.32291,96773.93,-0.55607605,-2.338878
福建,厦门市,36.561222,28.514692,10.0200615,26.05774,0.53586006,39.034096,283.3579,72.278946,101119.71,-3.9588413,-9.263023
福建,宁德市,29.649593,37.214966,13.706225,21.285078,0.5135738,31.4608,274.93082,87.045715,96038.266,-0.5262598,-4.905028
福建,泉州市,23.786386,29.007349,11.153397,17.131283,0.46482792,37.721783,279.66898,81.54208,97168.445,-1.6877999,-5.7749887
福建,漳州市,33.735264,29.547413,10.612706,19.447422,0.4550379,42.19064,282.16864,77.20758,98741.516,-2.3803895,-5.529667
福建,福州市,19.247324,30.126589,7.330245,17.958673,0.42366204,28.511211,278.08038,84.60785,98249.6,-0.33606508,-6.2506557
福建,莆田市,19.972225,28.237503,8.797921,16.160597,0.4165636,34.146255,280.186,79.15829,99055.484,-1.815043,-8.707361
福建,龙岩市,37.93306,41.04469,14.698453,13.618839,0.41712624,39.108547,275.6543,85.32529,95816.98,-0.33362916,-4.01149
西藏自治區|西藏自治区,山南地区,4.845823,7.6618156,0.3623753,0.89767045,0.13958865,84.600075,267.544,27.970428,56630.566,13.807979,-0.79386336
西藏自治區|西藏自治区,拉萨市,5.76049,12.985489,0.09932814,2.6586819,0.17385738,82.57582,266.54193,27.096638,55982.3,14.058948,0.94473714
西藏自治區|西藏自治区,日喀则地区,2.1081867,2.65775,0.25336027,0.33342937,0.12434512,82.0334,263.1412,27.33324,54959.027,14.256176,1.5715855
西藏自治區|西藏自治区,昌都地区,5.547091,6.029596,0.7120112,0.26892045,0.14422274,83.43506,264.38608,57.30572,58572.57,8.902304,4.315379
西藏自治區|西藏自治区,林芝地区,9.213207,10.023398,1.1542656,0.5877785,0.16179538,84.04985,265.4391,67.61891,60647.027,4.9611464,3.5608516
西藏自治區|西藏自治区,那曲地区,0.8498636,1.1765105,0.09349901,0.15753315,0.122698605,79.19247,258.68588,42.50561,54556.754,12.174206,-0.06964637
西藏自治區|西藏自治区,阿里地区,1.7870954,2.092751,0.21360387,0.39782342,0.12764573,77.83882,256.11078,41.369705,54184.95,14.338482,2.8891332
貴州|贵州,六盘水市,58.33305,65.13984,34.014156,10.230503,0.6760959,50.52157,274.17892,86.549034,83124.945,0.08783943,5.261157
貴州|贵州,安顺市,47.5312,45.820503,20.081026,7.2507114,0.59263206,45.629875,273.3219,76.9518,88551.94,-2.7681434,3.7885764
貴州|贵州,毕节地区,54.811966,57.89852,31.237986,12.106077,0.74193895,43.866413,273.47153,78.81451,83559.51,-0.03819189,4.4096775
貴州|贵州,贵阳市,52.310234,44.013958,42.244118,16.159718,0.9671815,27.16935,270.7556,80.50785,88628.445,-3.3632069,2.871143
貴州|贵州,遵义市,53.795498,61.309406,23.46463,7.4631543,0.64754105,44.400944,268.89523,75.892624,91004.06,-5.9678817,3.0029006
貴州|贵州,铜仁地区,57.58906,63.183453,22.17294,7.2083955,0.5416702,48.664677,268.61874,69.786995,93691.55,-4.5690236,-0.017631263
貴州|贵州,黔东南苗族侗族自治州,61.252846,63.54311,23.142956,8.296846,0.57052547,43.24538,269.34457,75.231255,93445.62,-3.503514,-3.0283515
貴州|贵州,黔南布依族苗族自治州,55.096596,51.05425,24.906145,8.243441,0.55969733,41.49955,271.4618,74.363464,90938.0,-3.7590888,0.059722785
貴州|贵州,黔西南布依族苗族自治州,47.772926,50.51892,17.367188,4.291135,0.49114144,57.6035,275.161,77.64,88962.06,-1.4707522,3.4268427
遼寧|辽宁,丹东市,43.59554,58.86586,30.890572,21.751219,0.8216991,30.407465,258.30078,68.11769,99903.0,-0.5567983,-1.1569133
遼寧|辽宁,大连市,49.560997,66.20501,45.72914,31.073645,1.0259463,30.971073,264.75406,67.29386,102270.74,2.0207179,0.3103595
遼寧|辽宁,抚顺市,53.673965,81.17741,50.408756,27.378574,1.1225557,26.862656,256.60977,73.57275,97882.95,1.6847656,3.7867875
遼寧|辽宁,朝阳市,58.68191,73.454056,39.790497,25.621555,1.0265483,39.607937,257.6446,50.29883,97409.89,2.8590097,-0.7617621
遼寧|辽宁,本溪市,49.300392,73.76595,40.988644,23.118158,1.1074907,30.082767,257.4917,69.97875,97245.66,1.0887493,2.0816877
遼寧|辽宁,沈阳市,76.44104,113.659294,106.1192,30.370955,1.7478389,28.696686,256.90747,70.467064,102442.39,1.4765517,2.639646
遼寧|辽宁,盘锦市,80.340866,107.25805,76.001884,34.62442,1.5646116,24.068813,259.29578,63.80367,103178.13,0.5309547,-1.2336005
遼寧|辽宁,葫芦岛市,59.089252,89.3383,36.140972,31.009602,1.8702953,37.116364,260.3199,50.89406,100473.8,3.7205749,-0.5648003
遼寧|辽宁,辽阳市,100.89759,156.96991,112.251724,34.644737,2.6065626,25.66922,259.84235,72.13196,101086.67,1.106499,2.512315
遼寧|辽宁,铁岭市,68.711624,100.40687,76.72802,34.715435,1.4252944,26.223543,257.27747,72.717285,100709.734,1.8550575,4.372976
遼寧|辽宁,锦州市,55.434875,70.39218,39.660896,27.316174,0.9341577,30.840721,258.48462,56.45333,102280.75,1.8603271,-1.0455436
遼寧|辽宁,阜新市,31.054882,35.87343,23.694561,15.032702,0.5504913,41.63852,257.19443,55.267582,100587.52,4.303523,0.29243797
遼寧|辽宁,鞍山市,78.60778,110.694435,59.182568,27.611322,1.6930519,30.493723,260.4589,70.80339,101069.484,1.1529917,1.1217402
重慶|重庆,重慶|重庆,53.064022,62.95288,22.944944,10.92894,0.7024898,39.29412,272.0738,51.382866,93997.64,-4.35776,2.44556
陝西|陕西,咸阳市,82.76481,113.21191,66.76589,29.009981,1.8349619,27.56234,265.3015,36.135056,91953.875,-3.2916875,-0.19612738
陝西|陕西,商洛市,77.54205,97.78069,33.021217,18.308237,0.97761655,33.962902,264.38086,49.624165,89988.125,-1.1280833,1.6233764
陝西|陕西,安康市,75.72396,91.25587,32.23024,14.625048,0.76554805,35.472557,266.56223,55.027233,90554.125,-3.6598122,0.001985709
陝西|陕西,宝鸡市,66.9219,84.99523,43.42347,19.729013,1.083048,36.864357,263.80728,57.04778,86807.734,-2.2719605,2.6177337
陝西|陕西,延安市,45.429523,53.68827,33.79664,13.384793,0.56631047,35.3355,260.9875,38.622547,88087.445,-0.07900426,1.0997232
陝西|陕西,榆林市,47.466927,57.826283,33.59719,21.45948,0.58286965,28.349503,258.44412,51.442623,88499.35,-0.76381797,0.8875476
陝西|陕西,汉中市,64.66751,74.510086,26.38761,9.964963,0.62755746,41.09477,266.65717,66.201195,89487.12,-3.6545193,0.8808448
陝西|陕西,渭南市,89.79877,121.64058,89.837814,37.406124,1.6299971,22.054365,266.6135,31.76402,95388.49,-3.1010013,-2.6015472
陝西|陕西,西安市,89.07626,128.69733,73.082436,33.725143,1.9069175,28.359434,266.14917,44.50568,91258.055,-1.9650866,-0.24436559
陝西|陕西,铜川市,75.155975,99.5053,76.85794,25.638721,1.5129985,28.979094,263.18906,31.906502,90002.63,-1.2045441,-0.46538746
雲南|云南,临沧市,22.362375,24.454145,5.9915485,2.0177886,0.27519253,70.26877,285.2806,78.22056,84018.93,3.8694682,2.7176943
雲南|云南,丽江市,13.378754,14.672561,3.747334,1.8441288,0.21619806,75.59454,278.04352,60.015934,74332.69,10.016977,2.7506764
雲南|云南,保山市,19.932865,22.183933,5.21408,2.730158,0.26438174,69.211555,282.55417,74.955284,81788.016,4.9247622,1.5729786
雲南|云南,大理白族自治州,20.021893,22.10817,5.3390193,2.4518323,0.2598156,70.69307,280.3497,70.300064,77987.95,7.9381304,3.1739771
雲南|云南,德宏傣族景颇族自治州,20.48409,22.894314,5.0524797,2.5301561,0.26818526,70.613884,285.07867,74.03392,86029.836,2.1055682,0.6991231
雲南|云南,怒江傈僳族自治州,13.936728,15.440924,2.6448016,0.70759994,0.19705996,76.89196,274.44217,84.87579,72538.12,5.77499,2.1986399
雲南|云南,文山壮族苗族自治州,52.332745,57.336998,12.234473,4.3571787,0.48186418,51.570087,277.36554,85.41959,86840.88,0.2516376,2.643253
雲南|云南,昆明市,39.41987,69.83186,15.75094,21.697264,1.472857,50.4821,280.69272,78.90063,79117.08,8.949445,6.5984335
雲南|云南,昭通市,87.10395,96.71393,28.582855,10.973026,0.75064546,49.51985,273.34235,79.39975,84018.7,0.77829003,0.54269016
雲南|云南,普洱市,35.2971,37.821583,9.70643,2.0385337,0.3487653,61.630245,284.89996,90.14659,86123.98,0.64317226,3.5023997
雲南|云南,曲靖市,45.25041,58.409492,17.018808,11.430378,0.903211,58.86348,278.65555,78.52456,79845.72,7.5947595,6.1308
雲南|云南,楚雄彝族自治州,26.234901,31.909607,7.5842066,5.3984084,0.70796275,64.97668,282.76355,69.79748,80854.305,7.987632,5.9467325
雲南|云南,玉溪市,40.67187,60.104607,12.865114,13.14294,1.3543776,48.514534,282.49078,91.32775,83544.22,2.8900228,5.9289656
雲南|云南,红河哈尼族彝族自治州,46.090084,56.39219,13.01307,7.143689,0.74947625,47.551018,280.11252,94.83897,85339.484,-0.09173871,4.1819205
雲南|云南,西双版纳傣族自治州,39.927837,42.580368,11.776098,2.0199325,0.3772722,59.38999,285.92084,93.42473,89148.914,-2.1773596,1.4321855
雲南|云南,迪庆藏族自治州,10.141019,11.099944,1.9149762,0.5758741,0.17890976,83.49655,270.46524,79.75969,66766.94,9.655693,3.4931479
青海,果洛藏族自治州,1.2284163,1.3230349,0.1400964,0.2732192,0.12169238,73.33615,261.2893,45.9189,59126.84,10.759458,0.6438771
青海,海东地区,58.295456,77.84586,19.84361,16.224525,1.4683154,45.45178,262.9261,68.839775,72314.586,-0.10393309,-0.32255387
青海,海北藏族自治州,3.538228,4.12852,1.5121046,1.3057199,0.172493,71.491066,257.8824,66.6474,64200.85,2.9563012,-1.1473076
青海,海南藏族自治州,3.964568,4.625114,1.0603204,1.0254534,0.1607544,68.009285,262.98282,50.6733,65823.97,4.771221,-1.3147936
青海,海西蒙古族藏族自治州,1.7292591,1.9078583,0.66302836,0.54202133,0.12391975,66.65119,258.09863,47.78627,65355.723,4.045412,0.08937365
青海,玉树藏族自治州,0.8731592,0.93765646,0.09869795,0.1626417,0.12117623,75.18908,257.75284,34.795998,55979.164,11.055276,-0.3673928
青海,西宁市,50.346386,76.22176,24.00622,14.908877,1.4899275,48.945057,262.14157,69.134796,69102.79,1.2735277,-0.7270114
青海,黄南藏族自治州,6.1295104,6.989238,1.4558834,1.514841,0.18641682,65.88209,263.89886,53.086536,64755.17,4.7231307,-1.1238648
黑龙江省|黑龍江省,七台河市,28.11864,30.910915,9.239332,13.781629,0.38992178,33.159294,251.29445,70.102356,98721.14,6.7239175,0.7060974
黑龙江省|黑龍江省,伊春市,25.144674,28.429348,7.2494674,10.494209,0.40111798,35.146965,247.77905,72.507065,97061.55,5.169865,2.6324987
黑龙江省|黑龍江省,佳木斯市,18.801275,20.944016,5.500661,9.92259,0.34375316,35.710873,248.46469,70.73671,101028.4,5.5772266,3.2281559
黑龙江省|黑龍江省,双鸭山市,20.64582,22.720955,6.1662006,10.58072,0.3484607,35.106045,249.51984,69.019,100389.88,6.1968513,2.415788
黑龙江省|黑龍江省,哈尔滨市,60.606487,78.80095,23.949234,25.808987,0.9870643,31.136955,250.78197,72.53007,99437.29,4.369891,5.5475736
黑龙江省|黑龍江省,大兴安岭地区,1.2373694,1.3899597,1.7001566,1.8062145,0.19514711,43.86135,246.84727,70.35649,94624.61,3.9659593,0.522482
黑龙江省|黑龍江省,大庆市,24.937292,30.809261,11.209254,12.382714,0.4672389,41.858265,253.58182,70.26006,100683.26,3.6569889,2.761075
黑龙江省|黑龍江省,牡丹江市,21.464197,23.214285,8.731853,11.879714,0.34185815,38.09654,253.4712,63.318413,95905.19,7.011529,2.677478
黑龙江省|黑龍江省,绥化市,53.24858,68.685455,23.669104,21.059196,0.8058015,31.350151,248.63855,75.373085,99809.43,2.185626,3.7632196
黑龙江省|黑龍江省,鸡西市,22.294476,24.590155,7.5855675,12.20701,0.35643956,34.99429,252.49881,68.82937,100493.45,6.3193126,0.5074903
黑龙江省|黑龍江省,鹤岗市,15.063664,16.925428,5.9997406,9.405143,0.31293842,35.766193,249.44624,69.2395,99741.734,5.2085557,1.2496355
黑龙江省|黑龍江省,黑河市,13.783217,15.450115,4.6166744,6.2178535,0.29958326,39.04587,246.94127,73.14742,97312.68,4.215317,2.7403295
黑龙江省|黑龍江省,齐齐哈尔市,22.385195,25.826906,8.606515,9.537386,0.3705052,42.61918,251.55385,66.31701,99673.1,3.3127208,0.9270724
