province,city,pm25,pm10,so2,no2,co,o3,temp,rh,psfc,u,v,time
上海|上海,上海|上海,121.35123066129032,147.688988483871,46.69540412903226,66.11074483870968,1.395788864516129,27.9063465,280.52969548387097,60.61066387096774,102467.38932258065,2.363285749354839,-3.6160623770967737,2013-12-01
中国香港,九龙城区,55.32199396774194,67.91688183870968,15.403477483870967,33.81059619354839,0.8558856951612903,68.19268151612904,289.01872000000003,62.25491648387097,101864.85696774194,-3.3338018032258065,-7.084884061290323,2013-12-01
中国香港,元朗,80.57849670967742,105.8004153548387,23.825500406451614,71.76665480645161,1.3773607774193548,44.74802638709678,286.1946267741935,56.37588812903226,101204.26651612904,-4.0983042387096775,-7.366698567741936,2013-12-01
中国香港,大埔区,64.2065059032258,81.90372500000001,17.648600229032258,41.54785135483871,1.067828444516129,66.6861860967742,287.70700419354836,66.02105012903226,101205.95996774193,-3.808442893548387,-8.67360524516129,2013-12-01
中国香港,西貢,56.85131687096774,71.46796835483872,15.277585258064516,25.952861258064516,0.9104777535483871,74.98547341935485,288.81756806451614,66.09071458064516,101618.47212903226,-3.8437186161290327,-8.866250041935483,2013-12-01
內蒙古自治區|内蒙古自治区,乌兰察布市,19.127426116129033,32.52383535483871,14.712325719354839,11.771190548387096,0.9035989390322581,43.83051967741935,262.18563096774193,55.58044235483871,86214.61283870968,5.267093137580646,-1.6616347632258064,2013-12-01
內蒙古自治區|内蒙古自治区,乌海市,80.44890412903226,154.0223321612903,204.1523674516129,47.460377645161294,2.4875370006451614,23.957347967741935,266.3644874193548,47.61732116129033,86701.35296774193,3.5708395003225806,-1.0625244912903227,2013-12-01
內蒙古自治區|内蒙古自治区,兴安盟,7.9232951,9.305612425806451,5.584861367741935,3.328754770967742,0.2715855167741935,46.17755158064516,260.6036161290323,63.86274674193549,95130.30877419355,4.660328303387097,-4.066841100967742,2013-12-01
內蒙古自治區|内蒙古自治区,包头市,20.0255067516129,33.10776404193548,15.947534648387096,12.914744580645161,0.67625869,43.26770377419354,262.68718903225806,54.76151416129032,86012.72638709677,4.314186116774193,-0.9917614619354838,2013-12-01
內蒙古自治區|内蒙古自治区,呼伦贝尔市,3.4076863538709676,4.065331252258065,5.0059774,2.7450948903225805,0.2239053583870968,47.317290290322575,256.50892903225804,75.53482993548387,93635.58993548388,3.522863674516129,-2.300102415483871,2013-12-01
內蒙古自治區|内蒙古自治区,呼和浩特市,49.01429761290323,94.91720370967742,40.971311870967746,37.77041677419355,2.2018298741935483,29.04520212903226,264.22433548387096,50.514037580645166,87028.0535483871,3.0656156941935486,-1.1305086631612904,2013-12-01
內蒙古自治區|内蒙古自治区,巴彦淖尔市,11.218497848387097,15.480553112903227,9.624410193548387,5.437857703225807,0.33260945806451614,45.45370412903226,264.4314719354839,52.17348070967742,87854.58364516128,3.518774369032258,-0.32924668063548385,2013-12-01
內蒙古自治區|内蒙古自治区,赤峰市,13.550538606451612,25.22298409032258,11.38478890967742,5.875117058064516,0.36393883096774193,46.40602970967742,262.49138258064517,55.44057606451613,92208.8223548387,5.54005606,-3.980626691612903,2013-12-01
內蒙古自治區|内蒙古自治区,通辽市,16.976380187096776,20.550172632258064,12.507977777419354,8.137409861290323,0.32872140096774194,40.25093219354839,263.1668074193548,60.029563483870966,98229.64529032259,4.282067319354839,-3.51177992,2013-12-01
內蒙古自治區|内蒙古自治区,鄂尔多斯市,29.845576677419356,49.82643783870967,40.83154332258065,22.34803093548387,0.783795915483871,36.84360074193548,266.64469258064514,48.107211387096775,87560.63477419355,3.3333428951612905,-1.2373399612903226,2013-12-01
內蒙古自治區|内蒙古自治区,锡林郭勒盟,3.622403177419355,4.410575279032258,2.802633043870968,1.706036408064516,0.21200491032258062,48.71643958064516,259.0383438709677,69.04751993548386,89274.18467741935,4.875149438709678,-1.2792021596774192,2013-12-01
內蒙古自治區|内蒙古自治区,阿拉善盟,8.562442429032258,11.688234803225805,9.730062841935483,3.927700370967742,0.3598842893548387,47.42134525806452,266.96319290322583,48.32181893548387,88204.35577419355,2.5057621525806453,-0.7996709528709678,2013-12-01
北京|北京,北京|北京,57.38489928709677,73.90244054838709,28.398884758064515,41.659911774193546,1.247078880967742,29.70100835483871,270.979275483871,33.28511496774193,98432.15116129033,2.2807153632258066,-3.4376855764516128,2013-12-01
吉林,吉林市,75.88040316129032,96.64126738709678,26.954704806451613,33.283156322580645,1.111496795483871,35.451612258064515,260.23728419354836,79.82718061290322,97389.02770967742,2.5149475190322583,1.3244527087096774,2013-12-01
吉林,四平市,64.88737077419354,80.59515822580644,26.416310112903226,30.421795193548387,0.8412805393548387,33.85339370967742,261.8015387096774,73.45547561290323,99821.97041935484,2.712445270645161,-0.45111806806451615,2013-12-01
吉林,延边朝鲜族自治州,40.447349903225806,46.78722309677419,14.116053758064517,17.150946306451612,0.6119711719354839,38.526764225806446,261.1029512903226,71.38347303225807,94082.39503225806,5.282306664516129,-0.7344113819354838,2013-12-01
吉林,松原市,46.938557677419354,58.90224816129032,18.422104483870967,21.191533048387097,0.6412830658064517,32.677799387096776,261.15999161290324,71.80745522580645,100244.8614516129,3.073999273870968,-1.0715011587096774,2013-12-01
吉林,白城市,21.925569754838712,26.228518677419355,8.905725487096774,8.46328367419355,0.3835064135483871,37.53757412903226,262.2408393548387,64.04327316129033,100406.63761290321,3.0399877758064515,-2.891565363548387,2013-12-01
吉林,白山市,39.221916451612906,45.56254841935484,15.931002732258063,18.223442322580645,0.5332789241935484,36.945042838709675,260.7115780645161,76.73228103225806,92212.21325806451,2.1802942079032257,0.7995856167741936,2013-12-01
吉林,辽源市,82.15803451612904,100.91756612903227,32.44125377419355,38.57551130645161,1.1382671622580647,30.82974141935484,261.52733451612903,77.15224164516128,97844.94548387096,2.9632134563225807,0.28207352516129036,2013-12-01
吉林,通化市,59.83431590322581,72.32703145161291,23.186786741935485,26.720812903225806,0.8311455719354839,30.103814870967742,261.9459425806452,77.30117009677419,95937.46483870968,1.6158540937096775,-0.12413800387096768,2013-12-01
吉林,长春市,89.65098016129032,115.83881222580645,36.456273677419354,40.473759838709675,1.1258200241935485,31.559438193548388,260.2063496774194,77.67918690322581,99765.4203548387,2.933000883129032,0.17276343512903225,2013-12-01
四川,乐山市,91.03672370967742,108.79076796774193,24.14399261290323,22.931773032258064,1.3622457051612904,39.811869225806454,277.450959032258,65.72936074193548,89729.05780645162,0.014058971806451616,-1.4612154338709678,2013-12-01
四川,内江市,93.0225040967742,128.3490540967742,26.693043322580642,30.678004387096774,0.9595223912903227,25.06256851612903,281.8415074193548,57.59682990322581,97464.99093548387,-0.8757617952580645,-2.225269298064516,2013-12-01
四川,凉山彝族自治州,36.07032583870968,44.91559735483871,12.964846022580646,6.522683125806451,0.8790009309677419,60.41140229032258,274.4959119354839,60.02499377419355,74009.81277419355,1.8439487793548388,1.1941971735483872,2013-12-01
四川,南充市,76.60237822580646,128.35606012903224,28.410053387096777,31.368197645161292,0.8944997329032257,43.996141096774195,280.940895483871,50.8171415483871,97517.85783870968,-2.3454671796774194,-2.023537257032258,2013-12-01
四川,宜宾市,109.0270029032258,128.59895296774192,33.33192583870967,28.854727258064514,1.928578035483871,28.460737741935485,281.05920612903225,63.48684906451613,95817.20438709678,0.9617257167741935,-1.7899551541935483,2013-12-01
四川,巴中市,63.78808722580646,82.98137129032257,24.976156451612905,11.143952612903226,0.6366708967741935,51.955161677419355,278.07068451612906,47.64614967741935,93086.0032580645,-2.9421449883225805,-1.7436780600258064,2013-12-01
四川,广元市,58.70826741935484,75.6866046451613,19.1915773,13.391850161290323,0.6404006325806452,48.38859661290323,277.61326677419356,46.83704580645161,92182.17406451613,-1.6126447883870967,-2.084754092322581,2013-12-01
四川,广安市,74.58000080645161,135.80263435483872,38.39420329032258,38.94217429032258,1.0235322648387097,33.66681770967742,281.6610483870968,55.49366222580645,97487.7654516129,-1.574559622580645,-0.7910209825806451,2013-12-01
四川,德阳市,93.31395496774194,127.42691980645162,21.379948499999998,46.98771470967742,1.4836685258064515,35.80380051612903,278.51671967741936,52.18056135483871,92499.71438709678,-1.3767562283870967,-1.4418122302,2013-12-01
四川,成都市,111.25461351612904,146.9336817419355,22.889682483870967,50.04046416129032,1.290169213548387,36.92889374193549,279.74999451612905,53.05456625806452,94357.921,-0.9861072554838709,-1.735714172580645,2013-12-01
四川,攀枝花市,50.122896322580644,80.79274393548387,28.833685387096775,22.394625451612903,2.241736958064516,36.93465225806452,280.5802780645161,56.32043996774194,81570.66093548387,0.47627592061290325,1.8261660735483871,2013-12-01
四川,泸州市,108.37749441935483,136.31818306451612,39.754628290322586,32.19804306451613,1.0612233370967743,27.252190596774195,280.53325806451613,65.11283941935484,94158.51729032258,0.17992134632258064,0.010977245957096786,2013-12-01
四川,甘孜藏族自治州,3.464274722580645,3.803524610645161,0.9844056019354839,0.9010321532258064,0.13104812806451613,73.78166506451613,264.52745516129033,53.05860090322581,60856.92829032258,5.017416716774194,-0.12393379322580649,2013-12-01
四川,眉山市,106.17183025806452,136.40190551612903,21.501274693548385,37.85995412903226,1.2177420677419355,33.765277645161284,280.2596838709677,57.85442529032258,95009.28903225806,-0.4303597867741935,-1.570995181935484,2013-12-01
四川,绵阳市,65.49092670967742,86.90035729032257,15.26091720967742,25.832744193548386,0.8840819248387097,44.070768096774195,276.2313816129032,52.92076116129032,88602.44406451612,-1.1787685596774193,-1.3927530516129034,2013-12-01
四川,自贡市,101.33649896774195,130.1757295483871,28.470253548387095,31.133074903225808,1.3299686664516128,23.718910467741935,281.97444,58.12268909677419,97392.2571935484,-0.4456952907080645,-2.387673644516129,2013-12-01
四川,资阳市,86.7634019032258,130.95365287096774,21.728673161290324,33.11260541935484,1.1018212674193548,33.01343764516129,281.6072916129032,54.66028,97539.07158064516,-1.4867025891935484,-2.1334753577419354,2013-12-01
四川,达州市,77.39809280645161,100.4891111935484,36.06616038709677,19.354678806451613,0.8804772419354838,44.09355787096774,279.3668619354838,51.23234835483871,94722.39322580645,-2.552628011290323,-0.7392036321935485,2013-12-01
四川,遂宁市,79.66873551612903,136.91626980645162,23.927869629032255,34.78667074193548,1.1344403774193548,39.23493651612903,281.6209406451613,52.236604096774194,97933.73677419354,-2.129387797419355,-2.199876576451613,2013-12-01
四川,阿坝藏族羌族自治州,10.538636751612904,12.017123093548387,2.4763387109677417,3.0073846935483872,0.20544076870967742,66.89324674193549,265.7296083870968,51.101555193548386,65555.14338709677,3.5195288987096776,-0.827155824516129,2013-12-01
四川,雅安市,65.07488512903225,76.92881212903227,17.694426596774193,13.213781987096773,0.579228090967742,59.451210225806456,272.6215183870968,68.34424470967741,80034.18106451613,-0.40098054512903225,-0.6143141197741935,2013-12-01
天津|天津,天津|天津,108.74796706451613,159.43039225806453,79.34248470967742,67.422776,2.2740658751612903,17.258380900000002,272.0524493548387,37.75711522580645,102485.24193548386,1.747046077,-2.471303843551613,2013-12-01
安徽|安徽,亳州市,131.89702919354838,195.62866532258064,53.15390164516129,46.11476841935483,1.6298190151612904,19.361770758064516,277.05699225806455,42.66736541935484,102377.4986451613,0.9745718718387096,-1.57042836,2013-12-01
安徽|安徽,六安市,121.27240190322581,132.86978880645162,30.499217322580645,29.573642967741936,1.1490071774193549,34.27809040322581,277.70679161290326,45.122026806451615,100202.46680645162,0.8357252914193548,-1.5476517232903226,2013-12-01
安徽|安徽,合肥市,147.64790903225807,164.38546222580646,35.78197387096774,36.77576567741935,1.5935874312903227,30.47234864516129,278.2846261290323,47.029558064516124,102223.54125806452,0.806704710967742,-2.0746840531612905,2013-12-01
安徽|安徽,安庆市,142.6996720967742,145.21292967741934,35.08582809677419,47.32193770967742,1.1688816358064515,24.039735870967743,278.9286974193548,47.43168712903226,100567.67167741936,-0.9363510882580646,-3.473163322741936,2013-12-01
安徽|安徽,宣城市,126.54709196774193,166.50868251612903,34.173856451612906,49.24683164516129,1.4318563212903226,37.75763335483871,278.12422354838714,55.035020967741936,100100.645,0.594824281483871,-1.7616460974193549,2013-12-01
安徽|安徽,宿州市,134.31644967741937,194.94124612903227,68.25432625806451,60.249844225806456,1.7795670967741937,19.766574451612904,276.52210354838707,45.15260819354838,102297.40041935485,1.1513199936451612,-1.6119413377419354,2013-12-01
安徽|安徽,巢湖市,142.1621036451613,180.0719412903226,34.59646438709677,39.692842451612904,1.8208153161290324,41.30770983870968,278.7605016129032,50.88129790322581,102316.35138709677,0.7019778216129032,-2.4235476196774193,2013-12-01
安徽|安徽,池州市,124.9652589032258,143.33600229032257,34.11721780645161,44.81789725806451,1.0753646651612903,27.76927677419355,278.680605483871,52.057214225806455,100394.35841935484,-1.3782270996774193,-2.5912612580645162,2013-12-01
安徽|安徽,淮北市,124.39904448387097,182.5913762580645,73.59245677419355,59.125561387096774,1.7185799958064516,17.101324422580646,276.71709161290323,43.87956487096774,102361.71877419355,1.0428064136451611,-1.5282284721935484,2013-12-01
安徽|安徽,淮南市,144.14627767741936,173.11549564516127,47.150472,44.622067774193546,1.5347463032258066,17.296245306451613,277.63801,44.16192780645161,102412.44503225807,0.7897444864516129,-1.871308372967742,2013-12-01
安徽|安徽,滁州市,139.2819832903226,180.87854070967742,40.33316867741935,41.56641064516129,1.5208855112903226,30.368937096774193,277.80125838709677,49.25781419354839,102093.72574193549,1.1029574095483872,-2.0901343648387094,2013-12-01
安徽|安徽,芜湖市,140.20657861290323,196.95787270967742,37.16774683870968,49.63004935483871,1.68204425,39.247038677419354,278.9095890322581,52.76887235483871,102297.22335483872,0.43562797348387094,-2.0212665558064518,2013-12-01
安徽|安徽,蚌埠市,138.77895461290322,181.69655012903226,50.943632935483876,51.27559022580645,1.6272276948387097,21.057472548387096,277.2363777419355,45.099211129032255,102387.32867741935,1.015189656580645,-1.79468012,2013-12-01
安徽|安徽,铜陵市,136.1157188064516,178.0829951612903,34.81232016129032,43.15250674193548,1.490712865483871,40.69053064516129,279.26794193548386,53.638711032258065,102220.88841935484,0.008581902258064555,-2.255363606451613,2013-12-01
安徽|安徽,阜阳市,135.86047487096775,199.74036354838708,42.711891354838706,38.238578193548385,1.5445805406451614,20.07022358064516,277.5122487096774,41.56060558064516,102375.40377419355,0.8118823938709677,-1.657734005419355,2013-12-01
安徽|安徽,马鞍山市,150.01346338709678,221.1231691935484,46.06333161290323,62.29869474193548,2.143857564516129,29.879620161290322,278.70041806451616,52.31108590322581,102577.15487096774,0.8306696803225806,-2.3350771083870967,2013-12-01
安徽|安徽,黄山市,112.65591393548388,123.86768158064517,32.270485161290324,34.60034319354839,0.9605412354838709,38.98294170967742,277.85448225806454,53.1075965483871,98086.23193548387,-1.0218727203225808,-2.64033591,2013-12-01
寧夏回族自治區|宁夏回族自治区,中卫市,31.656891203225804,40.87975219354839,23.38512481935484,15.035879664516129,0.6002787341935484,41.04045116129032,268.81290806451614,42.62941393548387,83974.66825806451,2.777538909032258,-1.1440684432258064,2013-12-01
寧夏回族自治區|宁夏回族自治区,吴忠市,38.69277761290323,51.89679887096774,40.543147677419356,22.996301516129034,0.8539009312903226,38.09058022580645,268.49471290322583,43.73508848387097,85440.891,3.1441055948387095,-0.9691405696774192,2013-12-01
寧夏回族自治區|宁夏回族自治区,固原市,46.080960725806456,55.40436683870968,18.32007229032258,12.914053254838711,0.6235565603225807,45.38748664516129,268.24276,48.82280032258065,81377.05916129032,2.1500759519354835,-1.336679704516129,2013-12-01
寧夏回族自治區|宁夏回族自治区,石嘴山市,80.12220522580644,141.28679993548388,136.4249251612903,49.865944935483874,1.6999775677419353,29.07517835483871,268.2800948387097,40.91456241935484,87375.87987096775,2.7047844318064516,-1.5377569996774194,2013-12-01
寧夏回族自治區|宁夏回族自治区,银川市,62.341644225806455,99.94453651612903,101.48221654838709,52.103692548387095,1.5126288467741935,27.54598583870968,269.07812161290326,40.356038258064515,87637.4228064516,2.2336689327096773,-0.7547182837741935,2013-12-01
山東|山东,东营市,97.94567583870968,147.84295348387096,91.84678148387097,58.52982006451613,1.563559600967742,25.002922709677417,274.55689322580645,47.69691906451613,102514.81377419355,3.5493301945161293,-1.667528375483871,2013-12-01
山東|山东,临沂市,167.29820258064515,255.8540389032258,111.95669703225806,75.6130244516129,2.7031732548387093,17.03572190322581,274.56839354838706,46.24756219354839,100700.45929032257,1.8626045208709676,-1.9833140205806452,2013-12-01
山東|山东,威海市,67.31839029032258,93.14126170967742,43.64349854838709,31.572727032258065,1.0436338719354838,35.14979783870968,274.99036419354843,64.40398277419355,101685.92354838709,3.759762702580645,-2.7857296558064517,2013-12-01
山東|山东,德州市,161.4316498387097,225.3782198387097,88.99576016129033,75.07611896774193,2.2969366,16.14870194516129,273.84184419354835,39.10390825806452,102461.84629032257,1.504762421096774,-0.8750811465161291,2013-12-01
山東|山东,日照市,133.62735054838708,204.67521351612902,96.09735670967743,67.3211074516129,2.2083743806451617,19.354982999999997,274.42584032258065,47.61573493548387,100765.57661290323,2.560586754516129,-2.4679487861290323,2013-12-01
山東|山东,枣庄市,182.11052293548386,276.5087374193549,135.16473983870966,72.39201258064517,2.067761625806452,15.874539258064518,275.2175916129032,44.26355361290322,101398.20874193548,0.8081036945161292,-1.314198103548387,2013-12-01
山東|山东,泰安市,156.2262058387097,235.43169741935486,119.72553793548387,75.693163,2.407846170967742,14.108725729032258,274.10170258064517,43.34762306451613,100662.88593548388,0.7844462730967741,-1.3043340826451613,2013-12-01
山東|山东,济南市,133.56436754838708,209.88041177419356,102.85561783870968,75.81684274193549,2.1662111387096776,15.599847903225806,273.83531419354836,40.52341006451613,101223.57925806452,1.760285319032258,-0.2182486603225807,2013-12-01
山東|山东,济宁市,177.68611774193548,267.4395438709677,119.5092809032258,69.79676632258064,2.119540935483871,15.803646032258065,275.280440967742,42.96936758064516,102131.65293548387,1.0211292901290323,-0.9880979721290323,2013-12-01
山東|山东,淄博市,132.4088900967742,207.74052967741937,161.19641,77.52146822580646,2.571948277419355,15.43181364516129,273.2872293548387,43.200674806451616,99805.68551612904,3.2000090085161292,-0.7653959760967741,2013-12-01
山東|山东,滨州,112.63391193548387,165.26946958064516,91.12064190322582,67.91135567741937,2.1278680967741934,21.18022164516129,273.8057406451613,43.612727225806445,102518.49293548387,3.1120941022580646,-1.4553036677419355,2013-12-01
山東|山东,潍坊市,121.82687483870967,188.21639467741934,126.32644390322581,66.22801038709677,2.033296964516129,20.241118080645162,274.27851741935484,46.806425258064515,101382.71258064515,4.07050428516129,-1.6634176738709678,2013-12-01
山東|山东,烟台市,82.34584022580646,116.32280748387096,53.948796967741934,45.694697387096774,1.3563029741935484,30.29243035483871,274.69461322580645,62.540662806451614,101231.13758064517,3.402966279677419,-2.0906427754322583,2013-12-01
山東|山东,聊城市,200.29115103225809,295.3355964516129,91.70276867741936,80.3474829032258,2.8607887451612903,13.69912254516129,274.62915225806455,38.150553709677425,102269.22261290324,0.8945726953548387,-0.6993492720967742,2013-12-01
山東|山东,莱芜市,128.4002736451613,197.30531903225807,147.9741070967742,77.54617493548388,2.5007065129032258,15.108848329032257,272.7762593548387,44.91341164516129,98724.76496774194,1.3516177438709678,-1.798350084516129,2013-12-01
山東|山东,菏泽市,182.34679222580647,261.72954741935484,84.49274567741935,64.53074974193548,2.344156777419355,18.826262341935482,275.70690322580646,40.34544283870968,102161.48787096774,1.2863163837096774,-0.9967159683548388,2013-12-01
山東|山东,青岛市,107.66037999999999,161.71565361290322,88.78385893548386,55.74361896774194,1.7699160793548385,22.099975806451614,274.68137548387097,54.573836870967746,101901.89077419355,3.656717991483871,-2.2766131393548386,2013-12-01
山西,临汾市,58.106323919354836,75.02867583870967,41.66625903225806,21.751202225806452,2.5390540387096774,32.67156025806452,271.09077161290327,37.00988516129033,90677.42187096774,2.2131431880645165,-2.5749394314516127,2013-12-01
山西,吕梁市,50.59225064516129,68.12550116129032,45.322885580645156,21.050790903225806,1.6245459516129033,31.854247741935485,268.15505935483867,42.148034967741935,88165.57648387096,2.5274936443548386,-2.0662944698064516,2013-12-01
山西,大同市,41.85282051612903,70.0961423548387,43.45981687096774,33.65861277419354,1.4196859632258065,27.58678148387097,265.46925806451617,44.83890948387097,87484.49593548386,5.0377189,-3.295173734516129,2013-12-01
山西,太原市,54.85072174193549,84.17768603225807,63.48335296774193,26.850606258064516,1.8071823590322582,29.38254164516129,268.5732735483871,37.19527722580645,87911.99316129033,3.9611678003225808,-2.8674006548387094,2013-12-01
山西,忻州市,34.98988212903226,53.73597729032258,32.82784625806452,24.51011437096774,1.1169417806451614,32.48614561290323,266.35425,43.57478277419355,86418.67106451612,3.6753426396774196,-2.4430367193548386,2013-12-01
山西,晋中市,68.26697190322581,104.12976283870968,62.59095629032258,28.90339037096774,1.8947297032258064,27.209437806451614,269.5935970967742,34.428042580645155,88948.11058064515,3.9716208064516128,-1.8316016322580644,2013-12-01
山西,晋城市,83.17179096774193,121.83794103225807,46.45876225806452,33.144628612903226,2.4328825332258064,26.09493835483871,272.04518935483867,33.710538032258064,90966.11796774194,2.9615319992258065,-3.4055837798064514,2013-12-01
山西,朔州市,42.946443838709676,70.4164830967742,42.49246019354839,33.85541764516129,1.540423710967742,24.63647048387097,265.3320164516129,47.38290319354839,86975.56161290323,4.822011770967742,-1.7855330295806453,2013-12-01
山西,运城县,101.72996674193548,157.810826,98.44460058064517,50.672906741935485,3.098899135483871,22.142486548387097,274.26207612903227,34.81958409677419,94955.34483870967,1.6505797558064517,-1.7986901735483871,2013-12-01
山西,长治市,74.78473738709677,115.00144003225806,37.4697075483871,31.33986193548387,1.7962594341935485,25.76848341935484,270.62950677419354,33.570023741935486,89200.42438709678,3.500813407032258,-2.177325601129032,2013-12-01
山西,阳泉市,54.71320190322581,94.80531780645161,77.5778124516129,34.203832387096774,1.5607175638709676,29.269165612903222,270.2550935483871,32.67929761290323,90770.64793548388,5.793797226451613,-2.6647243037096775,2013-12-01
廣東|广东,东莞市,77.66113896774193,98.11544487096774,25.70233403225806,55.0167609032258,1.2447448564516128,53.39993351612903,286.21311612903224,53.76033796774193,101799.43841935483,-3.6990975141935487,-5.964306387096774,2013-12-01
廣東|广东,中山市,83.7199475483871,112.04675783870968,30.40577629032258,67.24889616129032,1.3209806061290323,41.80444764516129,286.8828932258064,58.392616419354844,101824.14219354838,-2.551844071935484,-6.945855822580645,2013-12-01
廣東|广东,云浮市,81.952126,107.3450590967742,24.76669648387097,35.235954774193544,1.2210599970967742,52.82322312903226,284.1221535483871,58.025569129032256,99797.41003225806,-2.900627799548387,-4.679717096774194,2013-12-01
廣東|广东,佛山市,88.52643619354839,115.54012809677418,39.03924603225806,65.75364470967742,1.3943248,42.55818190322581,285.3929419354839,53.04403212903226,101903.03480645161,-2.4479025387096778,-6.901170170967742,2013-12-01
廣東|广东,广州市,76.79295912903225,96.53738082258066,28.395588322580647,49.43161264516129,1.2664207629032258,54.49964983870968,285.4343864516129,53.44380964516129,100979.23522580645,-3.1620941129032256,-6.545689535483871,2013-12-01
廣東|广东,惠州市,66.91731132258064,85.11139148387097,20.231155064516127,28.060178741935484,1.244955741935484,66.62434877419355,284.8330848387097,57.62310787096774,99901.56048387097,-3.331695503225806,-7.242856583870968,2013-12-01
廣東|广东,揭阳市,87.86921429032257,109.644642,27.472406258064517,32.34736458064516,1.9345485741935484,63.44117635483871,286.9486719354839,60.71889980645162,100585.74948387097,-2.38743148483871,-6.630854,2013-12-01
廣東|广东,梅州市,66.33684664516129,84.87467003225807,21.046592983870966,23.429945903225804,1.3688336374193548,63.272248322580644,284.0490622580645,61.84882358064516,98409.26503225806,-0.9106392796129031,-5.038467787096774,2013-12-01
廣東|广东,汕头市,75.94580641935484,97.39994564516128,27.309021677419356,35.12868929032258,1.2833554999999999,60.63466829032258,287.8580461290323,63.0992515483871,101598.30325806452,-3.441025885483871,-6.359928238709677,2013-12-01
廣東|广东,汕尾市,70.96379293548388,88.61828787096775,18.239949096774193,22.167288645161292,1.705255193548387,70.40459083870968,286.8742338709677,59.20908812903226,100168.59629032257,-3.041506516129032,-7.041535622580645,2013-12-01
廣東|广东,江门市,82.87061877419355,109.81192232258066,32.31349543548387,61.000720935483876,1.2457378093548386,46.792253354838714,285.87571387096773,57.876734290322574,101217.21212903225,-2.6378957451612903,-8.033320093548388,2013-12-01
廣東|广东,河源市,67.55148135483871,89.2451834516129,21.90274419354839,24.956674032258064,1.2389974958064516,60.025826,282.95076322580644,58.97818870967742,98677.67429032258,-1.7547942967741936,-7.108122132258065,2013-12-01
廣東|广东,深圳市,78.76016783870968,102.98410732258064,22.740369387096774,56.042925741935484,1.3791018129032258,51.06941435483871,285.77680741935484,57.18635761290323,101174.45583870968,-3.765715622580645,-7.526645941935484,2013-12-01
廣東|广东,清远市,79.53714496774194,98.53606696774193,33.38960074193548,35.03860209677419,1.3461529822580645,51.726927677419354,282.4996967741935,53.154221451612905,98197.46738709678,-2.634757959032258,-6.64967734516129,2013-12-01
廣東|广东,湛江市,77.18528985806452,89.62892403225807,21.94571020967742,23.228669548387096,1.0579479738709676,66.94921767741936,287.96510741935487,60.09231425806452,101638.1889032258,-3.280824315161291,-5.939472709677419,2013-12-01
廣東|广东,潮州市,66.41811970967741,87.9276379032258,20.45888027419355,28.323532354838708,1.1665210622580644,62.19190735483871,286.72622322580645,61.79762248387097,99891.91583870967,-3.276004978967742,-6.151385435483871,2013-12-01
廣東|广东,珠海市,75.07928267741936,97.61015067741936,29.82438012903226,60.06812722580645,1.114558849032258,49.24339322580645,287.71970032258065,62.12203632258065,101805.08125806451,-2.9028218089032256,-8.119593370967742,2013-12-01
廣東|广东,肇庆市,78.60017667741936,99.59562619354838,25.2976925,31.080236129032258,1.1472784522580646,53.14046329032258,284.29141580645165,53.09713061290322,99860.12706451614,-3.5796670141935483,-5.546550496774193,2013-12-01
廣東|广东,茂名市,78.18443025806451,94.91186180645161,23.71658979032258,24.312510016129032,1.1256944619354838,61.120830741935485,285.97425161290323,55.67173096774194,99788.56567741935,-4.468223182903225,-6.080418570967741,2013-12-01
廣東|广东,阳江市,78.24868419354839,101.44004780645162,22.988318870967742,35.27347719354839,1.1203666912903225,55.59445583870967,285.24875612903224,56.31260135483871,100351.5201935484,-3.1295886399999997,-7.761081296774194,2013-12-01
廣東|广东,韶关市,83.04634812903225,106.77903448387096,42.643193193548385,38.68400541935484,1.6853615387096774,51.3836224516129,281.5715087096774,54.08545196774193,97534.35567741936,-2.492206766129032,-5.6179150851612905,2013-12-01
廣西壯族自治區|广西壮族自治区,北海市,87.79179341935483,109.64217448387096,22.53587570967742,22.29119712903226,1.2208887677419353,66.37871467741935,286.57529,56.104163161290316,101754.17267741935,-3.244864376451613,-6.490561722580646,2013-12-01
廣西壯族自治區|广西壮族自治区,南宁市,91.40365548387096,120.05686116129031,29.590697967741935,32.0330694516129,1.1375954374193549,61.20500206451613,284.3741367741935,55.17066732258064,99957.08712903225,-2.9504738064516127,-5.2236190387096775,2013-12-01
廣西壯族自治區|广西壮族自治区,崇左市,84.28206170967741,108.26946658064516,27.107340741935484,20.845573922580645,0.932075685483871,56.63458783870968,283.99689193548386,60.39404483870968,98637.61561290322,-2.9397243922580647,-4.532696206451613,2013-12-01
廣西壯族自治區|广西壮族自治区,来宾市,84.16566216129031,101.34576464516128,30.141462322580644,24.745827612903227,0.9292847974193549,68.44710903225807,283.62589483870966,52.28713919354839,98804.42403225806,-2.7735253451612905,-5.344822516129033,2013-12-01
廣西壯族自治區|广西壮族自治区,柳州市,84.15677670967743,97.46090187096773,31.80765470967742,21.513242548387097,0.9017075383870968,68.74464967741935,282.3635048387097,50.90345116129033,98065.96074193547,-2.571035547096774,-4.9745059916129035,2013-12-01
廣西壯族自治區|广西壮族自治区,桂林市,88.60590654838708,101.70344664516129,31.84508129032258,22.644008903225803,0.9699123174193548,65.67264919354838,280.97882903225803,50.984532774193546,96484.36093548388,-3.889816097419355,-4.783926989677419,2013-12-01
廣西壯族自治區|广西壮族自治区,梧州市,80.45317435483871,98.39047438709677,27.504904677419358,18.577600161290324,0.9169810170967742,54.85677016129032,283.9348109677419,54.91049125806452,99574.40493548386,-3.2751602096774195,-5.056845337741936,2013-12-01
廣西壯族自治區|广西壮族自治区,河池市,73.19890238709678,84.0535934516129,27.484054032258065,10.290579758064515,0.6554226370967742,58.05451835483871,281.8127548387097,56.31718170967742,95726.47200000001,-2.6145345796774193,-3.3675685568064515,2013-12-01
廣西壯族自治區|广西壮族自治区,玉林市,87.80669416129031,104.66762480645163,26.82264541935484,19.41470016129032,1.0520896061290321,57.30358083870968,284.886115483871,57.53107470967742,99957.67151612902,-3.9173823225806452,-6.283049116129032,2013-12-01
廣西壯族自治區|广西壮族自治区,百色市,68.8830644516129,78.98152503225806,29.367936903225804,7.68931789032258,0.571172974516129,55.821874483870964,281.7224767741935,64.61665064516129,93637.21964516128,-1.9328727954838711,-1.7855432187096774,2013-12-01
廣西壯族自治區|广西壮族自治区,贵港市,84.34513338709677,99.20830122580645,26.559619451612903,17.489892677419355,0.8631676877419355,59.80640170967742,284.4915848387097,53.61669406451613,100454.39038709678,-3.8513045419354843,-4.962305416129032,2013-12-01
廣西壯族自治區|广西壮族自治区,贺州市,78.89790993548387,90.743761,28.011365451612907,17.321198032258064,0.7850944077419355,55.8484039032258,282.33823193548386,52.12015022580645,97643.43193548388,-3.4357252461290324,-6.470245176129032,2013-12-01
廣西壯族自治區|广西壮族自治区,钦州市,92.95659329032257,120.55977222580644,24.195121483870967,27.021282225806452,1.2472692561290322,62.90515583870968,285.3433461290322,56.83463332258064,101064.89677419355,-3.104589001935484,-6.556573222580646,2013-12-01
廣西壯族自治區|广西壮族自治区,防城港市,88.11809012903225,114.22102625806453,28.237778000000002,26.565665322580646,1.0638493480645161,59.58601925806451,284.4506203225807,60.55481561290323,99440.66354838709,-2.2759934406774196,-6.513700748387097,2013-12-01
新疆維吾爾自治區|新疆维吾尔自治区,乌鲁木齐市,24.271225290322583,25.317552080645164,5.231685709677419,14.968373919354839,0.6864726964516129,54.55548306451613,266.36055161290324,47.156514225806454,81091.6394516129,0.9813979651290323,1.0123377070967743,2013-12-01
新疆維吾爾自治區|新疆维吾尔自治区,伊犁哈萨克自治州,5.505835180645161,6.386860996774194,3.1945705483870968,2.6534195129032256,0.2059749248387097,61.31970003225806,267.54328806451616,47.826392806451615,80840.10277419355,0.17981101903225807,1.3528118277419356,2013-12-01
新疆維吾爾自治區|新疆维吾尔自治区,克孜勒苏柯尔克孜自治州,4.7775989161290315,5.321068190322581,1.6094602070967743,1.29197803,0.18910835580645163,66.84138351612904,263.0389041935484,49.71937303225806,70262.27790322581,3.8617282172903225,-0.9065564324516129,2013-12-01
新疆維吾爾自治區|新疆维吾尔自治区,克拉玛依市,21.976480300000002,23.137271096774192,8.45208648064516,10.760941222580644,0.3904371112903226,47.68077032258065,266.8617303225806,70.81006454838709,98784.75483870968,-1.5215008293548389,-1.7295978620967742,2013-12-01
新疆維吾爾自治區|新疆维吾尔自治区,博尔塔拉蒙古自治州,10.12416484516129,11.230782632258064,5.624175519354839,3.6270842838709676,0.23439495967741936,56.39931458064516,266.6146416129032,60.293396967741934,87306.52741935484,1.0994650778709678,1.1740107574193548,2013-12-01
新疆維吾爾自治區|新疆维吾尔自治区,吐鲁番地区,8.24923746451613,8.727190048387097,3.54494524516129,1.9688219677419356,0.2532092887096774,57.664983451612905,269.2382409677419,44.80390567741936,91135.15996774194,0.3870749285806452,-0.11158362219354839,2013-12-01
新疆維吾爾自治區|新疆维吾尔自治区,和田地区,5.626102267741936,6.1479951,1.4345010319354838,0.7987779464516128,0.1681962287096774,60.39265712903226,264.8490919354839,46.82029916129032,74749.82764516129,3.0077269516129035,0.6604798038387096,2013-12-01
新疆維吾爾自治區|新疆维吾尔自治区,哈密地区,4.549939832258064,5.008246025806451,2.4267168516129036,1.2317248299999999,0.17715898548387096,58.20324880645162,267.49846967741934,44.976117064516124,89025.01758064516,0.8754618741935484,0.8319344244516129,2013-12-01
新疆維吾爾自治區|新疆维吾尔自治区,喀什地区,14.443280403225806,15.981573370967743,4.363286112903226,2.5827098903225805,0.24005425870967742,60.07840803225806,265.51238903225806,48.789794903225804,77047.8213548387,3.2848947516129035,1.2142855216129032,2013-12-01
新疆維吾爾自治區|新疆维吾尔自治区,塔城地区,11.408002051612904,12.224414387096774,4.538574535483871,4.849695283870968,0.2693185435483871,55.988151354838706,266.6827235483871,62.324484580645155,90130.06670967741,0.10630825706451615,0.17010941435483873,2013-12-01
新疆維吾爾自治區|新疆维吾尔自治区,巴音郭愣蒙古自治州,5.079175958064516,5.8452469032258065,1.5401328612903227,0.7751436935483871,0.17520418806451613,57.073528612903225,265.4535512903226,47.79426067741935,79609.77261290322,2.2460989740322583,0.448083625516129,2013-12-01
新疆維吾爾自治區|新疆维吾尔自治区,昌吉回族自治州,18.227774170967745,20.328007190322584,5.8842220741935485,9.784545648387097,0.35672236935483875,51.63020722580645,267.0148935483871,58.157284193548385,91017.51558064517,-0.40326928483870966,0.7614947234193548,2013-12-01
新疆維吾爾自治區|新疆维吾尔自治区,石河子市,56.076248645161286,62.214841774193545,19.618835912903226,33.26690085483871,0.6801774335483871,26.181969267741934,268.1085693548387,68.55085064516128,95659.4445483871,0.9239062374709677,-0.21071427441935484,2013-12-01
新疆維吾爾自治區|新疆维吾尔自治区,阿克苏地区,10.56220714516129,11.641667532258065,4.492867896774193,2.1382319032258064,0.21260110516129033,56.23884419354839,268.1352712903226,53.53002380645162,86053.00961290322,0.3355839685483871,-0.6639221703225807,2013-12-01
新疆維吾爾自治區|新疆维吾尔自治区,阿勒泰地区,3.0724294987096776,3.413689277419355,1.6174295316129033,1.182758760967742,0.1894454706451613,60.88230325806451,264.91412580645164,57.30282390322581,89350.60519354838,-3.0825698372258064,1.8893678270967742,2013-12-01
江蘇|江苏,南京市,147.80354499999999,207.8004651612903,50.61959990322581,65.88191996774194,1.8598940032258064,26.059737000000002,278.39807548387097,51.80760164516129,102425.05919354838,1.0708822378064515,-2.245673610645161,2013-12-01
江蘇|江苏,南通市,122.90890441935484,159.95194267741937,42.16479764516129,43.140959048387096,1.1751202612903227,39.02252245161291,279.373685483871,58.169934999999995,102480.73845161291,2.5544775292903226,-2.8766243925806454,2013-12-01
江蘇|江苏,宿迁市,157.3252361935484,217.8370980645161,60.06538151612903,58.531888354838706,1.9330840387096775,23.07508635483871,276.9297370967742,49.75924664516129,102520.76977419354,1.5296524735483872,-2.231556883870968,2013-12-01
江蘇|江苏,常州市,146.67509751612906,193.26080538709678,51.43116406451613,69.27846177419354,1.8767360870967742,24.474458516129033,279.1029206451613,55.45298370967742,102447.26403225807,1.508293277419355,-2.6320218583870965,2013-12-01
江蘇|江苏,徐州市,160.338331,238.42761774193548,88.82872958064517,67.9754279032258,2.047289370967742,18.100998,276.0119235483871,45.82507038709677,102274.67258064516,1.3017275241290323,-1.562237019032258,2013-12-01
江蘇|江苏,扬州市,145.72464690322582,189.771525,47.836427774193545,45.64967809677419,1.488029375483871,30.41508990322581,278.1000609677419,52.98556261290323,102546.46241935484,1.556135485903226,-2.624146377935484,2013-12-01
江蘇|江苏,无锡市,143.55813596774192,184.09988777419355,57.96188967741936,74.63271412903225,1.800156736451613,22.561146451612903,279.4732916129032,57.370182032258064,102334.4935483871,1.7362302046774194,-2.8165246183870964,2013-12-01
江蘇|江苏,泰州市,146.22289551612903,187.57251687096775,47.301669677419355,44.911949096774194,1.4880764387096774,32.7185914516129,278.231505483871,54.614543612903226,102481.87261290323,1.9376245132258065,-2.676373604193548,2013-12-01
江蘇|江苏,淮安市,156.96007477419354,204.95136038709677,50.119227290322584,45.71741019354839,1.640344629032258,27.627987612903226,277.51401516129033,51.60211625806452,102499.25354838709,1.6243364866129033,-2.3690370716129032,2013-12-01
江蘇|江苏,盐城市,133.76038038709677,173.2266175483871,41.57055456774194,38.877428570967744,1.3149156996774194,36.65729483870968,277.91965258064516,55.350041354838716,102511.19799999999,2.6403444074193545,-2.490734891290322,2013-12-01
江蘇|江苏,苏州市,129.5860957096774,160.26478416129032,53.80992470967742,76.05874083870968,1.5117767261290325,26.756062967741936,280.2764432258065,59.38971170967742,102466.02425806451,1.864954756129032,-3.450688820580645,2013-12-01
江蘇|江苏,连云港市,157.0095143548387,233.39655177419354,67.44999458064515,63.39509967741936,2.170276593548387,21.330379548387096,276.41275677419355,50.364956516129034,102360.22390322581,2.266626723225807,-2.3464652390322582,2013-12-01
江蘇|江苏,镇江市,149.54473712903226,194.6984027419355,55.304353580645156,65.2720263548387,1.7314418580645161,23.603674967741934,278.5469803225806,53.26515716129032,102421.41416129033,1.4737439070645162,-2.530606646451613,2013-12-01
江西,上饶市,102.45215674193548,109.66557029032258,34.879609467741936,34.38321116129032,0.8702770325806451,36.56041893548387,280.07914612903227,52.834979548387096,100211.46567741936,-1.9500429577419356,-2.733354975580645,2013-12-01
江西,九江市,117.11728816129032,117.96182038709678,35.86110367741936,41.22404148387096,0.9923295325806452,28.372981677419354,279.82863741935483,52.167322935483874,100082.066,-1.5201903296774193,-3.3414684506451615,2013-12-01
江西,南昌市,100.97237916129033,123.74436661290324,40.1805359032258,40.593101193548385,1.083976209032258,32.32771322580645,281.4908919354839,53.4578740967742,102067.3585483871,-1.6657619668709678,-4.128136152903226,2013-12-01
江西,吉安市,85.93815138709677,100.61789109677419,33.94506609677419,22.70069012903226,0.7376602977419355,38.38235319354839,280.3682235483871,54.592723161290316,99598.37019354838,-1.2495441441935484,-3.991986490516129,2013-12-01
江西,宜春市,91.25083148387097,108.40565896774194,35.85550261290322,32.30793022580645,0.9789793396774193,36.55150741935484,280.32013548387096,51.37362570967742,100075.27090322581,-1.7396095912903227,-3.584626187419355,2013-12-01
江西,抚州市,70.4915453548387,85.33430258064516,26.28084108064516,19.525285467741934,0.6902385861290322,43.78702577419355,280.29078774193545,55.651840516129035,99610.24306451614,-1.4052562964516129,-3.751472707419355,2013-12-01
江西,新余市,90.62970851612904,114.19281099999999,39.826356935483865,35.23144629032258,0.9810241393548388,34.89786048387097,280.75730967741936,52.744769419354846,101080.05767741936,-1.458161951935484,-3.6425049187096774,2013-12-01
江西,景德镇市,97.76989948387097,107.78978006451612,31.990016290322583,36.40645329032258,0.8605444858064516,31.736246677419352,279.97155967741935,49.862672,101015.0520967742,-1.8363452319354838,-3.2576787690322577,2013-12-01
江西,萍乡市,104.51805412903227,121.14367532258065,39.923243225806445,29.53932741935484,0.9286402254838709,37.9973419032258,280.31215483870966,49.912261580645165,98664.18016129032,-2.8337360674193546,-2.5600961567741933,2013-12-01
江西,赣州市,72.96835993548387,84.71357583870969,28.91992435483871,18.90705620967742,0.8968168799999999,46.886371548387096,280.5186835483871,58.44261770967742,97838.8878064516,-0.915536325483871,-5.607853942903226,2013-12-01
江西,鹰潭市,80.92722167741935,95.5910425483871,28.122667870967742,27.532348161290322,0.7662902993548387,38.901392774193546,280.53287193548385,53.953617032258066,100882.08083870968,-2.0558530691935486,-2.563934776354839,2013-12-01
河北,保定市,118.37755232258066,182.26288909677422,58.65854067741935,61.97327219354839,2.0670060167741933,25.523404322580646,272.21618032258067,31.43276674193548,98560.18032258064,1.5059462316451613,-2.2746538478064515,2013-12-01
河北,唐山市,92.86975125806451,142.63867367741935,74.6759910967742,59.05717929032259,2.0805902783870964,18.1051499,271.4272677419355,39.06430012903226,101877.48741935483,1.3169685058064515,-2.8333693952258066,2013-12-01
河北,廊坊市,125.50899858064517,179.44416438709678,68.83655019354838,70.28367883870969,2.2477128883870967,18.836320541935486,272.33077645161285,34.97069035483871,102533.13225806452,1.000735139032258,-2.356727791612903,2013-12-01
河北,张家口市,26.129029187096773,42.312881380645166,19.389716141935484,18.246708051612902,0.6645570538709678,41.74060616129032,263.75770645161293,51.11117032258065,87893.65019354838,5.07353579032258,-4.174977074193548,2013-12-01
河北,承德市,22.180623574193547,37.82885329032258,14.801257967741936,15.832795609677419,0.6242591364516129,42.44121758064516,264.58116096774194,48.07237832258064,91322.57841935483,3.5612395927548386,-4.608763267419355,2013-12-01
河北,沧州市,138.23092516129032,182.90162029032257,79.34266745161291,64.81894306451612,2.371894330645161,19.480917064516127,273.1187577419355,38.49040583870968,102559.49306451614,1.4806853511935485,-1.8195530362903225,2013-12-01
河北,石家庄市,151.76919277419356,262.6945603225806,98.12373474193548,72.84591380645162,2.5762690341935484,21.622485806451614,273.7807083870968,29.905345161290324,99268.68370967741,2.080489965483871,-1.6215413577419353,2013-12-01
河北,秦皇岛市,62.88566906451613,114.54246351612903,57.626836129032256,39.55973422580645,1.7304283954838708,26.82864259032258,269.6857080645162,41.21146793548387,99502.4870967742,1.476898616870968,-3.601052704516129,2013-12-01
河北,衡水市,191.78486309677422,282.95324645161287,90.57357461290322,80.00844229032258,2.409240419354839,16.124748996774194,273.6864683870968,35.31745625806452,102449.23003225807,0.9776669935483872,-1.0315699141935484,2013-12-01
河北,邢台市,203.01194022580643,328.2193977419355,108.79037825806452,81.4103984516129,2.9163831612903226,15.178461019354838,274.6630993548387,31.564846,100890.96519354839,1.2107357623870967,-1.6374143370967742,2013-12-01
河北,邯郸市,191.46284887096775,281.2701164516129,96.95405916129033,81.93527261290322,3.6493459129032257,13.153364083870967,275.0225303225806,31.948557064516127,100361.26032258064,1.3897461726548388,-1.6134934680645163,2013-12-01
河南,三门峡市,100.95509919354839,149.3847541935484,73.33997545161291,49.78454935483871,1.9429163306451613,26.441143903225807,273.51435612903225,38.9541085483871,92456.58745161291,2.8766146708064517,-1.6375198767741934,2013-12-01
河南,信阳市,123.18965932258065,171.15280703225807,45.213781290322586,43.66260390322581,1.3864521412903226,28.167534258064517,277.9016435483871,42.04385983870968,101325.88167741935,0.22470838258064518,-1.6068650116129033,2013-12-01
河南,南阳市,127.88417854838708,167.05595703225808,54.392191258064514,40.49296606451613,1.3643715141935484,27.667108612903228,277.54202935483875,36.170915967741934,99218.84870967742,0.37776607419354835,-1.535455042096774,2013-12-01
河南,周口市,152.05341977419354,236.22186193548387,48.62586641935484,39.46665370967742,1.7352678032258066,14.333403129032257,276.90115258064515,39.97204574193548,102147.46235483872,1.0972243138387097,-1.3869547206451613,2013-12-01
河南,商丘市,151.36264122580644,228.4940270967742,66.63263738709676,51.7381824516129,1.8842659870967742,17.559898932258065,276.3613016129033,41.898447935483865,102214.88870967741,1.1676630687096774,-1.234927411935484,2013-12-01
河南,安阳市,156.53100806451613,204.0754697096774,69.36666751612903,71.09138925806452,3.5804882193548386,14.532447825806452,275.47842322580647,31.513614967741933,99760.7408064516,1.7394585982258066,-1.866020501129032,2013-12-01
河南,平顶山市,152.51795454838708,198.78042996774192,70.73431741935484,58.03306096774193,1.9659766303225805,22.39834506451613,277.13808903225805,35.115218806451615,99905.88393548386,2.178803585483871,-2.0573091883870966,2013-12-01
河南,开封市,172.88735612903224,212.56568709677418,67.97819283870967,46.461885548387095,2.1689138548387095,12.551546651612904,276.4126564516129,37.507185387096776,101869.69638709677,1.2430552816129032,-1.1497905031935485,2013-12-01
河南,新乡市,143.39553532258066,185.40314883870968,72.14246135483872,58.48269429032258,2.9149004387096773,13.749098280645162,276.17154322580643,32.86338541935484,100738.4547419355,0.9496314956129032,-1.197004534516129,2013-12-01
河南,洛阳市,111.77815438709678,147.07222006451613,67.97271664516128,49.844460193548386,2.179273458064516,26.459681516129034,275.08049612903227,35.84355396774193,95036.11587096775,3.4019398663129032,-1.6923447820774193,2013-12-01
河南,济源市,92.63574366129032,121.63013861290322,54.695772322580645,41.853156435483875,2.8112127580645163,25.946248309677422,275.6188487096774,30.638476516129032,96310.95641935484,1.9731244657419353,-2.458586283987097,2013-12-01
河南,漯河市,174.95966696774195,248.6060314516129,70.21930641935484,53.87791996774193,1.9380773193548388,14.393448483870968,277.1946764516129,38.44113625806452,102017.962,1.461351024516129,-1.5312236177419356,2013-12-01
河南,濮阳市,199.8956867419355,272.6874679354839,82.63607487096773,76.28445748387097,3.2929115677419354,15.240352096774194,275.29273290322584,37.36508774193548,102147.79361290323,1.117462405467742,-0.9094857158129032,2013-12-01
河南,焦作市,105.45469348387097,159.21193041935484,77.3467083548387,55.95908348387097,3.0811507032258065,15.742408141935483,277.27365741935483,30.67874264516129,100719.45435483872,1.3718804649999998,-1.2692264458064517,2013-12-01
河南,许昌市,173.46320348387096,228.66063364516128,85.6101293548387,63.94944006451613,2.3777105,12.929288135483871,277.05563387096777,36.479371451612906,101294.73758064516,1.673978141935484,-1.7092887794709677,2013-12-01
河南,郑州市,142.44772987096775,187.47523848387098,88.217023,68.38233093548386,2.8895167,12.795997832258065,276.55370193548384,34.240549903225805,99816.19570967741,2.4186528658064517,-1.019188724516129,2013-12-01
河南,驻马店市,132.58501687096773,209.47271277419355,50.44331477419355,44.86835838709678,1.585448529032258,21.84858379032258,277.4392703225806,39.2348410967742,101670.72067741936,0.9159849503225806,-1.7766691196774194,2013-12-01
河南,鹤壁市,156.66898319354837,196.4257995483871,71.78302612903227,76.50671087096774,3.9644827838709675,12.948143132258064,276.0177541935484,31.4801275483871,101238.29351612904,0.9548799641290322,-1.6099915577419355,2013-12-01
浙江,丽水市,83.14614519354839,103.70659977419355,31.140480548387096,41.3014495483871,0.9801561106451613,41.39111187096774,277.8019570967742,62.9452024516129,95125.60658064517,-0.7937205317741935,-2.6359353557741936,2013-12-01
浙江,台州市,93.79092232258064,129.3226222580645,32.87753690322581,52.503652096774196,1.3089790096774194,38.117538967741936,280.27721677419356,62.89012,99473.74138709677,1.2608587917096774,-4.91955836967742,2013-12-01
浙江,嘉兴市,131.9114606451613,163.98041835483872,47.4085025483871,80.64581632258064,1.5801217,23.01363293548387,280.36171548387097,59.06475674193548,102470.36812903226,1.519732354516129,-3.2680466416129033,2013-12-01
浙江,宁波市,111.15845529032259,150.283107,39.81246088709677,62.83564625806452,1.4359716677419356,32.83140074193548,281.0474380645161,62.96234296774194,101113.58483870968,2.099740160967742,-4.187838227096774,2013-12-01
浙江,杭州市,127.04286303225807,150.5754120967742,36.317399532258065,51.12759387096774,1.2911198445161292,34.47688851612903,278.6051174193548,55.93069125806452,99442.32983870969,0.42916605548387093,-3.0254495880645162,2013-12-01
浙江,温州市,80.9054506451613,114.37357996774193,28.249477435483872,50.856953,1.249613489032258,39.862528806451614,280.4722893548387,60.984472483870974,98481.36274193549,0.6357537474193548,-5.287492706451613,2013-12-01
浙江,湖州市,133.266526,171.8744615483871,41.77677870967742,70.39044425806452,1.560905177419355,27.31068535483871,279.19543354838714,56.421613903225804,101311.14858064517,2.0450881163225807,-2.5402280958064516,2013-12-01
浙江,绍兴市,132.9795827419355,173.63234658064516,45.27868264516129,72.89897522580644,1.6940067709677418,25.077525129032257,279.41735032258066,60.82006519354839,100327.6359032258,1.1326126039032258,-2.7596866192580647,2013-12-01
浙江,舟山市,75.27303528064516,100.33320906451613,25.37115116451613,35.72943350967742,0.9598985587096774,51.96381238709677,282.85836870967745,63.387959064516124,102129.29522580645,2.005469806967742,-5.447619646451613,2013-12-01
浙江,衢州市,117.093182,126.04932012903227,41.771353258064515,45.78074670967742,1.0325457396774194,36.81224603225807,278.9830012903226,55.499061580645154,98547.60303225806,-1.915292435967742,-2.3839304493548386,2013-12-01
浙江,金华市,122.51553180645162,152.36822661290324,41.83234074193548,63.59678048387097,1.4056862164516128,29.120260483870968,278.7567706451613,59.72713167741935,98899.83032258066,-0.20742535796774197,-2.783651765903226,2013-12-01
海南,三亚市,49.43087822580645,70.2328705483871,10.362402383870968,16.862983548387096,0.8274480316129033,87.44623206451612,290.81727741935487,69.34045174193548,99091.75261290323,-3.932516948387097,-5.300610903225807,2013-12-01
海南,海南,56.89095551612903,69.63276490322582,14.582261354838709,12.388213016129033,0.6393437632258064,70.91059480645161,289.4543358064516,77.00775919354838,99451.59422580646,-3.2098959722580647,-5.328790309677419,2013-12-01
海南,海口市,59.877666387096774,77.02126083870968,15.093522106451612,17.41342298387097,0.6720625319354839,66.66456406451613,290.7921496774194,73.36251367741936,101347.79870967742,-3.468056916129032,-5.883075903225806,2013-12-01
湖北,仙桃市,149.49537374193548,189.1154369032258,51.97646664516129,56.910643870967746,1.6352144354838711,24.947242532258066,280.1683429032258,40.48271564516129,102404.23774193549,-1.1900764348387096,-3.25077928216129,2013-12-01
湖北,十堰市,88.48996748387097,98.96164309677418,39.083624161290324,16.69959843870968,1.2672348261290323,36.843075580645156,276.4585970967742,41.0444249032258,94255.3168064516,0.6750604917096774,-0.933975272967742,2013-12-01
湖北,咸宁市,101.13501583870968,121.79681161290323,37.58471203225806,44.42815067741935,1.2187395054838708,28.32854293548387,280.0933529032258,46.566685806451616,100472.51912903225,-1.4045018416129034,-2.025022978064516,2013-12-01
湖北,天门市,164.23984954838707,219.84572129032256,56.37164935483871,57.21084316129032,1.6827282774193548,26.287859,279.8006861290323,38.96257825806452,102351.14693548388,-1.2185721207741935,-3.0298504341935484,2013-12-01
湖北,孝感市,139.35292058064516,173.11269829032258,48.351085806451614,54.39789812903226,1.403181151935484,30.84824522580645,279.0314487096774,40.95877177419355,101755.06122580645,-0.9376180209677419,-3.0500722443225805,2013-12-01
湖北,宜昌市,99.27643096774193,129.02468941935484,54.73939983870968,30.55642219354839,1.4608687738709678,39.25297141935484,277.6689558064516,42.95171093548387,95085.37603225806,-0.401431504516129,-1.039201396129032,2013-12-01
湖北,恩施土家族苗族自治州,80.8466704516129,91.44341409677419,33.824508483870964,11.166160900000001,0.7608680112903226,51.82628190322581,276.1535332258064,57.008651161290324,90276.17674193547,-0.4823145641935484,0.4732351287096774,2013-12-01
湖北,武汉市,149.00381741935485,165.74745870967743,51.401868645161294,68.65892729032258,1.416822206451613,24.150015532258067,280.24266129032253,43.06725112903226,102279.73248387096,-1.0185421579032259,-2.8783591140322584,2013-12-01
湖北,潜江市,162.2751104516129,236.07460903225808,61.99934167741936,57.833606677419354,1.8847900032258065,24.087101354838712,280.10708161290324,38.1551874516129,102376.56119354839,-1.4866372148709677,-3.019643149032258,2013-12-01
湖北,神农架林区,54.41116174193549,61.53627212903226,22.16453159032258,7.111722270967742,0.753428273548387,55.784059322580646,272.167605483871,50.79574290322581,83621.86206451613,1.7408723651612903,-1.0436695687096773,2013-12-01
湖北,荆州市,137.98258351612904,199.2877904516129,56.865495967741936,49.5265539032258,1.7487531838709678,26.956536322580643,280.62143225806454,39.74982138709677,102116.96203225806,-1.2062781576129031,-3.1379467559032257,2013-12-01
湖北,荆门市,137.8914548064516,198.34027700000001,59.67984664516129,50.18085764516129,1.597845870967742,28.262421903225807,279.3559919354838,37.82160912903226,101305.45793548386,-0.5060771325806451,-2.723213660322581,2013-12-01
湖北,襄樊市,103.71591887096774,135.11082261290323,54.44708219354838,30.26947635483871,1.274365085483871,31.69611951612903,277.9120538709678,38.92400293548388,98360.9664516129,0.6303158083870968,-1.4435088807741936,2013-12-01
湖北,鄂州市,150.54901622580647,156.74130341935484,48.6059679032258,63.54967125806452,1.2263411041935486,22.038281806451614,280.51668,43.81705809677419,102306.65193548387,-0.8399453509677419,-2.1899360552580642,2013-12-01
湖北,随州市,113.50956970967742,161.27530129032257,49.95340103225807,44.21427529032258,1.3056797880645161,31.285623032258066,278.1633032258065,39.35300080645161,100592.63025806453,-0.537514879483871,-2.0498005392903225,2013-12-01
湖北,黄冈市,137.47709770967742,140.91147229032256,36.62366412903226,47.826525,1.0757019125806453,27.254421741935484,279.10216612903224,42.24152019354839,100497.34896774193,-1.340039636451613,-2.4230628151612903,2013-12-01
湖北,黄石市,135.87813883870967,136.5129379032258,43.40354361290322,52.36437558064516,1.0830474629032256,25.02445441935484,280.2744225806452,48.24391877419355,101108.01087096773,-1.045331781548387,-1.8589468080645162,2013-12-01
湖南,娄底市|婁底市,115.9568574516129,125.58243025806452,44.29928387096774,34.607166645161286,1.125307723548387,42.35554725806451,279.69648193548386,48.52574793548387,98072.8533548387,-1.5783294183870968,-3.621007155806452,2013-12-01
湖南,岳阳市|岳陽市,90.98192106451613,117.46137312903227,39.642766419354835,38.891068193548385,1.3573140032258066,29.339481161290323,280.9613335483871,44.65066841935484,101235.45303225807,-2.1158571987096773,-2.934495145483871,2013-12-01
湖南,常德市|常德市,127.03982716129032,164.93792080645161,50.30401958064516,32.9423,1.4430022064516128,37.85921822580645,280.11078451612906,41.218352419354844,100304.13206451613,-1.089874168387097,-2.968613060774193,2013-12-01
湖南,张家界市|張家界市,105.97383758064515,129.2572722903226,37.50089554838709,22.342892461290322,1.0402280351612905,50.217717387096776,278.43687516129035,47.03886687096774,96065.62674193548,-1.9087660932258066,-1.24621627,2013-12-01
湖南,怀化市|懷化市,96.8739313548387,112.08307125806452,40.459391129032255,16.972741258064517,0.8267394187096775,44.15061361290323,279.68773161290324,50.13951177419355,97190.70970967742,-2.3983856456129033,-2.455358287,2013-12-01
湖南,株洲市|株洲市,102.27482609677419,120.14315390322581,38.310759629032255,30.303787774193548,0.8995794574193547,38.59580222580645,280.6630225806452,49.43717141935484,98790.84551612903,-2.506983625806452,-2.975467398064516,2013-12-01
湖南,永州市|永州市,93.44252790322581,106.8857989032258,39.93094719354839,22.836961032258063,0.8645989025806452,45.87271896774194,280.28878451612906,53.09959964516129,97174.39496774193,-2.680733780645161,-4.763912180967742,2013-12-01
湖南,湘潭市|湘潭市,126.51750787096773,146.08693690322582,52.16198674193548,59.87854709677419,1.3230160577419356,34.79016151612903,281.1158280645161,47.46141525806452,101222.91435483872,-0.9136920593064517,-4.072898763870968,2013-12-01
湖南,湘西土家族苗族自治州|湘西土家族苗族自治州,104.47517267741935,124.26782377419354,39.457238548387096,17.9906045,0.9293268109677418,49.2696820967742,278.76317193548385,50.94330103225806,96151.2869032258,-2.2833821725806454,-1.149046243032258,2013-12-01
湖南,益阳市|益陽市,114.79398619354839,138.08189996774195,44.45738632258064,33.841179677419355,1.3264538093548386,39.122446677419354,280.2765335483871,45.58780238709678,99941.72661290322,-1.0012664638709676,-3.09749542483871,2013-12-01
湖南,衡阳市|衡陽市,110.9241042580645,128.9755943548387,42.98452041935484,40.57844061290323,0.9837439316129032,35.80968451612903,281.3593738709678,49.17939132258064,100643.61419354839,-1.1831406981290322,-4.391229177096774,2013-12-01
湖南,邵阳市|邵陽市,98.9960800967742,106.66488183870968,41.68967738709677,23.260542516129032,0.8570719516129032,43.10961196774194,279.2560564516129,51.49694516129032,95974.64116129033,-2.5346303758064517,-2.927610186451613,2013-12-01
湖南,郴州市|郴州市,93.32472093548388,112.63616664516128,50.48225877419355,35.6207315483871,1.3761273238709677,41.77420693548387,280.1394551612903,53.26843270967742,96422.80758064517,-1.0810754606451611,-4.329810538709677,2013-12-01
湖南,长沙市|長沙市,110.7826406451613,113.00824538709678,43.22701622580645,42.48911793548387,1.2604234693548388,34.127226,280.8452641935484,46.29763493548388,100535.11251612903,-1.6131950917741935,-3.299796586451613,2013-12-01
甘肅|甘肃,临夏回族自治州,46.26047732258065,78.79553622580644,12.228778551612903,11.726250393548389,0.9555621187096774,43.066787806451615,268.85180096774195,44.518521870967746,77234.65374193547,0.6585465703225807,-0.4436238631612903,2013-12-01
甘肅|甘肃,兰州市,50.683251806451615,87.87995954838709,19.555854999999998,20.491707661290324,1.04501897,31.540736774193547,268.6544806451613,45.113273,79369.84351612904,-0.03674719296774194,-0.5356857458064516,2013-12-01
甘肅|甘肃,嘉峪关市,23.7602615,71.27460951612903,24.418844903225807,16.940449903225808,0.6016529051612903,42.50205719354839,268.4025770967742,32.874469193548386,82038.66241935485,2.74572752,-1.4882455201612903,2013-12-01
甘肅|甘肃,天水市,64.94611680645161,84.88758341935484,16.413509641935484,13.996498274193549,1.1799241658064517,47.14480006451613,270.50280096774196,48.06817416129032,83068.40587096773,0.4793267914516129,-0.5252752938709678,2013-12-01
甘肅|甘肃,定西市,43.27048006451613,68.26367206451613,9.728751696774193,7.894607596774193,0.7569314864516129,48.03519651612903,268.0505564516129,50.22515812903226,77485.93422580646,0.7044284858387097,-0.8309175796774193,2013-12-01
甘肅|甘肃,平凉市,80.43158780645162,101.90291058064517,21.627105741935484,25.254527322580646,1.1724150470967742,39.32558474193549,270.54872290322584,46.07317277419355,85137.17732258064,0.9662977165806451,-1.4241727019354837,2013-12-01
甘肅|甘肃,庆阳市,52.36514922580645,66.55880883870968,23.38455049032258,19.294273458064513,0.8533860670967742,39.02318570967742,269.7864241935484,45.706187032258065,86278.52512903226,1.858719718064516,-1.9432403412903225,2013-12-01
甘肅|甘肃,张掖市,9.85894599032258,16.825020322580645,9.6348734,4.748704780645162,0.7682114787096774,62.512602354838705,264.55881967741936,35.61041196774194,74260.02248387097,3.5321232696774194,-0.5305824489354839,2013-12-01
甘肅|甘肃,武威市,23.400255161290325,32.01925922580645,21.01981912580645,7.810573161290323,1.1434566258064516,54.54236816129033,267.36405419354844,41.08519983870968,81585.67835483872,1.9164924758064517,-1.532449797548387,2013-12-01
甘肅|甘肃,甘南藏族自治州,8.17237270967742,10.170112438709678,2.2416330032258065,1.7721516822580645,0.20225409516129034,64.24929483870967,264.5180625806451,45.772111548387095,67403.10696774193,3.494006123225806,-1.4730780593548387,2013-12-01
甘肅|甘肃,白银市,38.10319564516129,57.61581111290322,13.13599325483871,11.779310961290323,0.6541536874193549,40.36762703225806,268.6622351612903,45.05642270967742,81854.45651612902,1.005985930967742,-1.0041117893548388,2013-12-01
甘肅|甘肃,酒泉市,4.312482151612903,7.561531454838709,2.533620193548387,1.649680306451613,0.18690178548387096,57.245021161290325,266.1314445161291,39.45670741935484,81185.63425806451,2.1655872061290324,0.5131187739354839,2013-12-01
甘肅|甘肃,金昌市,31.192441903225806,51.20853309677419,33.93797353225806,14.188251048387096,2.2905770677419355,63.4194924516129,268.2624025806452,34.752892548387095,80879.80574193549,3.672843358709678,-1.7742523859354837,2013-12-01
甘肅|甘肃,陇南市,50.07951953225806,59.36193158064516,14.687261606451612,7.540761116129032,0.6503366529032257,53.630994096774195,271.38750000000005,50.89939451612903,82412.67406451612,-0.2937693308387097,-0.926274018064516,2013-12-01
福建,三明市,49.74456396774193,57.59966622580645,19.998112741935486,12.798795822580646,0.4822540093548387,55.566790677419355,280.2926893548387,63.401409032258066,95728.06,-1.4114400851645161,-3.140971303548387,2013-12-01
福建,南平市,55.43274193548387,61.35085154838709,20.90109208064516,17.498393193548388,0.5295126929032258,51.867098806451615,280.14411677419355,57.32391932258064,96471.08222580646,-1.0780825137096772,-2.9044639022580645,2013-12-01
福建,厦门市,48.177979774193545,72.46539761290323,21.944434838709675,33.93885135483871,0.8090723270967742,63.49609706451613,286.50864903225806,62.213558935483874,100854.48951612903,-3.9674951829032254,-8.033114674193548,2013-12-01
福建,宁德市,54.66530887096774,66.07010383870967,18.13714769354839,26.206748612903226,0.6956826032258064,53.37811267741935,280.6641393548387,61.116114677419354,95767.68112903227,-0.9438735124193548,-4.2215172903225815,2013-12-01
福建,泉州市,46.20505029032258,64.59040874193548,16.161324403225805,21.207029838709676,0.6799726300000001,63.32170929032258,283.35840225806453,66.43777612903226,96931.44887096774,-2.3097519687096773,-5.615298435483871,2013-12-01
福建,漳州市,50.810332,68.34195048387097,20.356691822580643,26.57691635483871,0.8338808170967742,64.40983067741935,285.12701258064516,64.9468628064516,98497.95341935483,-2.6897578887096776,-5.2377511,2013-12-01
福建,福州市,50.686985645161286,62.085444161290326,15.87209177419355,30.703281806451614,0.6496424199999999,54.62349748387097,283.10344032258064,65.24027738709678,97964.96270967742,-1.687593247419355,-5.489908619354839,2013-12-01
福建,莆田市,46.99597387096774,62.671549322580645,15.749064451612904,24.692892322580644,0.6616919245161291,59.59985351612904,284.4976758064516,65.48419329032258,98790.84667741935,-2.533416417032258,-7.366801696774194,2013-12-01
福建,龙岩市,47.66373867741935,55.903251806451614,20.520332774193548,14.835561596774193,0.6018562900000001,60.5220259032258,281.8595193548387,62.842071548387096,95556.49299999999,-1.618946981935484,-4.102660713870968,2013-12-01
西藏自治區|西藏自治区,山南地区,3.8336288925806454,6.044242718064516,0.27130366732258065,1.0137543216129032,0.14665534793548388,81.36429216129032,266.1464793548387,42.25060067741935,56812.46874193548,7.875276809677419,-1.3014318224193548,2013-12-01
西藏自治區|西藏自治区,拉萨市,5.217349203225806,11.008732961290322,0.1925130012580645,2.48538929,0.23552193838709676,78.83277812903226,264.86973193548386,46.675448548387095,56284.07735483871,7.296222009354839,-0.5867683242903226,2013-12-01
西藏自治區|西藏自治区,日喀则地区,1.778895056064516,2.1584521987096776,0.24487299348387098,0.3895115709677419,0.11106286241935484,77.04282406451613,263.4056606451613,38.89169780645162,55175.22370967742,8.76870291180645,-1.0387639208387098,2013-12-01
西藏自治區|西藏自治区,昌都地区,1.5832453261290322,1.7397504,0.2180896470967742,0.3997563312903226,0.11523812596774193,76.61725922580645,263.01185903225803,56.30635312903226,58926.62761290323,4.81597215383871,0.26792289032258065,2013-12-01
西藏自治區|西藏自治区,林芝地区,2.9626800483870968,3.2017579854838707,0.39669783009677423,0.5990182690322581,0.11376009206451612,77.21469919354838,265.6113264516129,58.29992887096774,60894.059870967736,2.461618070967742,0.09074913258064515,2013-12-01
西藏自治區|西藏自治区,那曲地区,0.9574350253225806,1.1630868512903225,0.15188239564516132,0.1779451510967742,0.11827973596774194,74.13801245161291,258.80214838709674,50.53063174193548,55007.169903225804,6.646268170967742,-0.9472731432903225,2013-12-01
西藏自治區|西藏自治区,阿里地区,1.7553773021290324,2.003046343548387,0.3112332554516129,0.44675751096774197,0.11507701296774193,71.10096525806452,258.9106219354839,40.908507387096776,54642.48535483871,8.500359345161291,0.26107585322580645,2013-12-01
貴州|贵州,六盘水市,73.29518890322579,101.82394996774194,58.43016141935484,21.506413741935486,0.9811187567741936,45.67980735483871,276.5502835483871,76.87995151612903,83393.45235483871,-0.6412456706451614,0.38824842580645164,2013-12-01
貴州|贵州,安顺市,76.70969258064515,83.20342806451613,37.80278951612903,20.66209535483871,0.6808560312903226,47.92011067741936,278.4349848387097,69.338753,88704.05416129032,-1.976153539419355,-0.619547780032258,2013-12-01
貴州|贵州,毕节地区,83.24132203225807,99.52577064516129,44.197205548387096,22.602293774193548,0.806149489032258,43.34783183870968,275.8704041935484,76.36747177419356,83873.66335483872,0.06096431777419355,0.18394905999999997,2013-12-01
貴州|贵州,贵阳市,86.32045896774194,101.20843429032259,49.415570548387095,36.850442483870964,0.8674022474193549,41.131835645161296,277.3690770967742,71.36752258064516,88769.72280645162,-0.9477204143870968,0.09744384000000002,2013-12-01
貴州|贵州,遵义市,84.74297116129033,106.47925132258065,39.141906258064516,21.79419222580645,0.7342161045161291,39.67706445161291,277.7367164516129,67.61963322580645,91041.18264516129,-1.7074027664193547,0.8452157164516129,2013-12-01
貴州|贵州,铜仁地区,84.15791619354839,96.36114322580644,38.58991809677419,11.790772312903226,0.6329090212903227,43.04706503225807,278.2135006451613,58.47590419354839,93545.00622580646,-2.328707827719355,-0.525526634516129,2013-12-01
貴州|贵州,黔东南苗族侗族自治州,80.19814522580646,90.0801457419355,36.556577258064515,11.288851370967741,0.6395695219354839,47.704937935483876,278.554744516129,60.20410641935484,93324.02693548387,-2.0284450592258065,-2.7948925722580644,2013-12-01
貴州|贵州,黔南布依族苗族自治州,74.69397070967743,82.17297803225806,36.85081106451613,14.794615267741936,0.6551093841935484,52.04168770967742,278.5872393548387,64.78581787096773,90960.55706451612,-2.0228986693548388,-1.8773400458064515,2013-12-01
貴州|贵州,黔西南布依族苗族自治州,66.38047106451613,79.44507835483871,35.571641645161286,9.571341158064516,0.6623517029032259,53.02500841935484,279.3956225806452,69.80108409677419,89090.60548387097,-1.6309414199999999,-0.26755886322580646,2013-12-01
遼寧|辽宁,丹东市,60.37192880645161,85.0553509032258,40.43485003225806,34.71380761290323,1.3250196412903226,26.12980912903226,266.12742935483874,64.94024022580645,99055.33641935483,1.330840686129032,-3.835972451612903,2013-12-01
遼寧|辽宁,大连市,52.918107322580646,73.6970854516129,40.885615032258066,32.57659977419355,0.9651593009677419,30.45525664516129,270.50076677419355,60.6076989032258,101447.91522580646,1.7765425187096773,-4.126631184516129,2013-12-01
遼寧|辽宁,抚顺市,71.577969,94.69124867741935,35.20103822580646,36.735197838709674,1.3041270551612902,27.367846225806453,262.78788387096773,75.39070016129031,97218.06258064516,1.9269136141290324,-0.3535915869032259,2013-12-01
遼寧|辽宁,朝阳市,47.903167548387096,86.75503574193549,41.16156819354839,20.44935788387097,1.1101303741935482,34.717846419354835,266.4490435483871,46.835154967741936,96962.98532258064,2.625935934516129,-4.4257482541935484,2013-12-01
遼寧|辽宁,本溪市,64.93547270967741,89.01639935483871,40.45987545161291,37.53891548387097,1.5437379732258065,25.227811193548387,263.3830141935484,73.33783219354838,96547.74767741935,2.0566503093548385,-1.9864284741935483,2013-12-01
遼寧|辽宁,沈阳市,70.63436951612903,96.80168216129033,59.02309912903226,37.90273235483871,0.9931282070967742,25.0893844516129,264.8075993548387,64.64843138709678,101752.84432258065,1.703163131032258,-1.9675312541935484,2013-12-01
遼寧|辽宁,盘锦市,58.9429194516129,88.7860665483871,52.093380935483864,37.82501061290323,1.372817495483871,26.943960354838712,267.5801712903226,52.803325225806454,102477.66048387098,0.750741950967742,-3.4974973890000003,2013-12-01
遼寧|辽宁,葫芦岛市,54.18256770967742,96.32256493548387,46.55625029032258,26.925192838709677,1.6395948548387098,32.1756215483871,268.79523741935486,42.989635,99894.64596774193,2.023500610967742,-4.204838139677419,2013-12-01
遼寧|辽宁,辽阳市,80.31787551612902,120.8984904516129,70.76325370967741,47.45247309677419,1.944383369032258,19.711379467741935,265.31473322580644,67.18591632258065,100392.15393548386,1.467976579564516,-1.667048068612903,2013-12-01
遼寧|辽宁,铁岭市,66.18360335483871,91.12480829032258,42.61698664516129,38.46539693548387,1.1212057480645161,26.891171548387096,264.2445651612903,69.85573048387097,100038.62335483871,1.7049133147419355,-1.4034308829354838,2013-12-01
遼寧|辽宁,锦州市,55.05404861290322,78.48242796774193,39.009191774193546,26.528017967741935,1.0110839999999999,32.40581632258065,267.29033290322576,49.716017516129035,101625.66822580645,1.6517633301935484,-3.9143060148387097,2013-12-01
遼寧|辽宁,阜新市,33.09336170967742,41.028387112903225,20.322160270967743,14.975380738709678,0.5002429441935484,36.81864164516129,265.3667951612903,56.147423258064514,100019.56351612903,3.0125305935483873,-3.8823063683870966,2013-12-01
遼寧|辽宁,鞍山市,62.68037848387097,96.7176984516129,52.47371622580645,41.84990319354839,1.6234033703225805,23.545741580645164,266.35650258064516,61.51826616129032,100337.39290322582,1.7439629248387098,-3.2948217161290323,2013-12-01
重慶|重庆,重慶|重庆,77.50957993548387,96.93044961290323,37.39147993548387,17.467246499999998,0.8168425651612904,38.42778829032258,279.27566290322585,55.735443741935484,93955.0499032258,-1.6839814338709678,0.2549714958064516,2013-12-01
陝西|陕西,咸阳市,125.5927750967742,177.00634987096774,48.02072748387097,51.97096480645161,1.6672431687096774,25.939985161290323,273.82270161290324,38.925805000000004,91900.71951612904,0.7423305093548388,-2.141098335483871,2013-12-01
陝西|陕西,商洛市,77.48364816129032,101.89220009677419,31.525126887096775,26.028815838709676,1.3393509706451614,39.540455903225805,273.6214151612904,40.58784964516129,89904.70661290322,1.4965260832258065,-2.0822858377419355,2013-12-01
陝西|陕西,安康市,83.43301732258065,91.60308567741934,25.077589903225807,12.07282725483871,1.6239029048387097,38.139050806451614,274.9512187096774,45.37640638709677,90524.10425806452,-0.1725004945387097,-0.8978348327096773,2013-12-01
陝西|陕西,宝鸡市,101.96308280645161,131.59999706451612,29.90977470967742,34.33029267741935,1.4960905238709679,38.29298719354839,272.18796677419357,43.071064387096776,86964.36041935484,0.2463593518064516,-0.9117519657096774,2013-12-01
陝西|陕西,延安市,42.064557645161294,65.4225199032258,51.41517851612903,30.152651290322584,1.7197624129032258,31.394473064516127,269.97817129032256,42.928359419354834,88098.18835483871,2.120559386129032,-2.4599169057096772,2013-12-01
陝西|陕西,榆林市,32.973074677419355,50.41504990322581,39.486889258064515,24.093465532258065,1.048447977419355,32.6171754516129,268.2693864516129,45.525839258064515,88462.23783870968,2.74336226,-1.9611802916129033,2013-12-01
陝西|陕西,汉中市,74.1786644516129,85.5295254516129,23.328937838709678,10.728313251612903,1.0681938177419354,49.1353405483871,274.9845870967742,44.624543548387095,89550.58683870967,-0.8009763821032259,-1.062132952,2013-12-01
陝西|陕西,渭南市,109.03285896774193,163.52753048387095,82.83627735483871,58.71270922580646,2.1226298754838706,23.015735483870966,275.27025258064515,34.58603961290323,95169.17170967741,1.0561315806451614,-1.2708581076935483,2013-12-01
陝西|陕西,西安市,122.33036412903226,175.19700270967743,49.256003225806445,49.669871709677416,1.9836481096774192,29.43692493548387,273.99002903225806,39.35373464516129,91237.31719354838,1.6840592132258065,-0.3376029288387097,2013-12-01
陝西|陕西,铜川市,83.31292725806452,118.61910096774193,54.765557709677424,49.06106990322581,1.4744182700000001,29.64085893548387,272.37255387096775,38.778711967741934,89961.01945161291,1.7497585058064518,-3.2053808677419355,2013-12-01
雲南|云南,临沧市,27.803883774193547,30.175126354838707,9.630223467741935,2.7383578129032258,0.2871750835483871,69.42604070967742,282.7702129032258,76.08264919354839,84112.5654516129,0.2082944364516129,1.8386525774193547,2013-12-01
雲南|云南,丽江市,20.443504258064518,26.363103919354838,7.882601206451613,5.180853303225806,0.7517391874193547,62.7650665483871,276.63433741935484,58.60557393548387,74560.27867741935,3.5884824720193547,1.1084608667741935,2013-12-01
雲南|云南,保山市,23.26997648387097,25.50269993548387,8.223765012903225,3.547255858064516,0.26087154064516127,68.45164070967742,281.11658032258066,71.96567887096774,81875.95519354839,1.1326764091225807,0.7960311634193548,2013-12-01
雲南|云南,大理白族自治州,23.538677161290323,25.92109570967742,8.63677120967742,3.9629620612903227,0.5113391087096775,66.66307674193548,278.7422709677419,67.61445529032258,78120.1557419355,3.109299091290323,1.5759836150645161,2013-12-01
雲南|云南,德宏傣族景颇族自治州,23.059990161290322,25.170060741935483,7.888474367741935,3.1423781387096774,0.258529835483871,69.30317606451614,283.89585193548385,71.69944583870968,86106.26451612904,-0.9265931918387097,0.7048142976129032,2013-12-01
雲南|云南,怒江傈僳族自治州,10.617989558064515,11.501721038709677,2.990161277419355,1.20937341,0.15752659080645162,70.94008319354838,274.5735412903226,68.55185622580646,72651.50416129033,1.899617687516129,1.059819113548387,2013-12-01
雲南|云南,文山壮族苗族自治州,58.061601677419354,65.74720529032258,24.90537320967742,4.884305729032258,0.5218193848387097,59.5921245483871,279.5170261290322,77.17859522580645,86933.55987096774,-0.9342733312903226,-0.34296926200000005,2013-12-01
雲南|云南,昆明市,44.74308738709677,70.99953648387097,19.72595056451613,23.914672290322578,1.3002887029032257,45.33712403225807,277.9089348387097,77.22653329032258,79326.65374193547,1.9788866822580644,2.716784646129032,2013-12-01
雲南|云南,昭通市,86.92714016129032,99.46665238709677,30.301727258064517,14.59319237419355,1.329736514516129,44.1096374516129,276.07658967741935,73.31704461290323,84370.79674193548,-0.3110434087096774,-0.9032259474193548,2013-12-01
雲南|云南,普洱市,34.9303304516129,38.15921222580645,12.930568945161289,2.448147883870968,0.40905433451612905,69.15305096774193,282.9462648387097,79.55198887096775,86226.46738709678,-1.166245932612903,1.7126784993548387,2013-12-01
雲南|云南,曲靖市,50.38741374193548,79.50068022580645,31.32911429032258,18.30971787096774,1.0144705893548387,52.66442490322581,276.83665903225807,76.29811403225807,80116.05951612904,1.3778268823225805,1.6604420787096774,2013-12-01
雲南|云南,楚雄彝族自治州,34.92949312903225,43.76148306451613,12.52445139032258,8.946461148387096,1.100872279032258,57.62529364516129,279.9448348387097,72.44520412903226,81054.3731935484,2.3414234896774193,2.9967918100000004,2013-12-01
雲南|云南,玉溪市,41.17494587096775,53.279402258064515,17.205706193548387,11.576741064516128,1.577748116129032,55.34060919354838,280.87825483870967,77.97997438709677,83689.35532258065,-0.20297086548387097,2.6236588266774192,2013-12-01
雲南|云南,红河哈尼族彝族自治州,45.28173596774194,55.07653258064516,19.20659448387097,6.436224306451613,1.0820785961290322,61.40107558064516,280.7757441935484,78.05483235483871,85428.63983870967,-1.7801087987096775,1.4216431906451614,2013-12-01
雲南|云南,西双版纳傣族自治州,38.18044038709677,41.167630645161296,15.071912741935483,1.7781034677419354,0.34160584741935485,70.8605041935484,284.64165483870966,76.39843429032258,89230.58870967742,-2.716178332258065,0.371818805483871,2013-12-01
雲南|云南,迪庆藏族自治州,7.035549129032258,7.714204116129032,2.0100952922580646,1.229303920967742,0.14983648458064516,72.19264061290323,270.8466103225806,62.397898741935485,66962.5595483871,4.666985141935483,0.694578493032258,2013-12-01
青海,果洛藏族自治州,1.067254639032258,1.1719224477419354,0.17727439496774194,0.4340012822580645,0.12362287896774193,69.50287512903226,257.9451648387097,56.56339932258064,59651.942322580646,5.452350445161291,-1.1384430332258064,2013-12-01
青海,海东地区,30.104525064516128,42.89645593548387,17.618801741935485,16.95027583870968,0.9411453167741936,51.200790064516134,266.51533870967745,42.19784696774194,72895.69083870968,2.272066098387097,-0.501454187967742,2013-12-01
青海,海北藏族自治州,2.417033014516129,2.963337538064516,1.1603514538709676,1.2455909922580646,0.17518463870967743,70.82882277419355,260.1788290322581,39.25572003225807,64784.664741935485,3.751298865387097,-2.0911528622580646,2013-12-01
青海,海南藏族自治州,1.9467941129032258,2.2982811022580645,0.6021644767741935,0.7742004954838709,0.1396231002903226,69.40822783870968,262.97701516129035,41.81887819354839,66441.57290322581,5.675298609677419,-1.1293355829032257,2013-12-01
青海,海西蒙古族藏族自治州,1.5954423074193549,1.7847409232258065,0.4564804541935484,0.4441701464516129,0.12865515170967742,65.66757103225807,260.43921096774193,42.13717638709677,65934.04496774194,3.0507267567741936,0.18528288103225804,2013-12-01
青海,玉树藏族自治州,0.9861467070967742,1.0822390418064516,0.15302784174193548,0.20938739741935483,0.1205530595483871,71.84356870967743,256.54081258064514,53.357184064516126,56465.54483870968,5.919771628290323,-0.8397903925806451,2013-12-01
青海,西宁市,19.757831161290323,32.895961,19.74418591935484,15.012938096774192,0.836021305483871,57.974058322580646,264.38583032258066,44.80678251612903,69692.53525806451,3.2233927086774194,-1.659412387096774,2013-12-01
青海,黄南藏族自治州,2.619422437419355,3.0290823812903227,0.7890833438709678,1.0723461258064517,0.14725794258064517,66.69488512903226,262.75274193548387,41.311863354838714,65376.49812903226,4.667148103225806,-1.5227665390967742,2013-12-01
黑龙江省|黑龍江省,七台河市,45.30186193548387,51.119234387096775,12.445613170967743,17.61783241935484,0.7049077045161289,33.051285645161286,258.2903187096774,78.42876532258065,98294.63796774193,5.562647270451612,-0.7994648396774193,2013-12-01
黑龙江省|黑龍江省,伊春市,15.419151970967741,17.08436716451613,5.862742616129032,7.29322,0.31027169903225804,40.635278451612905,256.07637193548385,79.0063543548387,96885.39877419356,3.5328093438709676,-1.29413611,2013-12-01
黑龙江省|黑龍江省,佳木斯市,17.616390770967744,19.888752545161292,6.088913487096773,9.614401506451612,0.32650761290322583,37.359219548387095,256.47552935483867,78.5342833548387,100602.25261290322,3.964943356129032,0.0253183212903226,2013-12-01
黑龙江省|黑龍江省,双鸭山市,21.932461867741935,24.5312320516129,7.864362690322581,12.05308779032258,0.34248299387096776,34.35631483870968,256.57321258064513,79.30956661290323,99943.74764516129,4.689579306774194,-0.06577508912903228,2013-12-01
黑龙江省|黑龍江省,哈尔滨市,83.36303458064516,100.6592503548387,32.49627756451613,34.69902558064516,1.055706294516129,30.61240635483871,258.5132851612903,79.60751619354838,99004.97790322581,2.879372063548387,0.9896278519354839,2013-12-01
黑龙江省|黑龍江省,大兴安岭地区,0.9123431409677419,1.0499445229032258,1.5471494167741937,1.6196700709677418,0.20814657129032257,47.49950890322581,255.04894967741933,75.63819622580645,95102.20996774193,4.413986638709678,-2.47863585883871,2013-12-01
黑龙江省|黑龍江省,大庆市,49.394055032258066,64.65709064516129,16.558680693548386,18.39087264516129,0.7295032841935484,34.26035325806451,260.3613916129032,74.39233474193549,100471.62419354838,2.403783069322581,-2.1691349261290322,2013-12-01
黑龙江省|黑龍江省,牡丹江市,71.46266274193549,94.50905516129032,22.27210006451613,28.034489032258065,1.0819491770967742,34.30446735483871,259.68200161290326,73.58854387096774,95468.80112903226,4.662248200645162,-0.3808587283870968,2013-12-01
黑龙江省|黑龍江省,绥化市,62.556554999999996,72.19792716129032,13.820408187096772,19.502882112903226,0.7414751690322581,35.688187387096775,257.2092061290322,80.07299083870969,99555.10225806451,1.7706163445483871,-1.273305240967742,2013-12-01
黑龙江省|黑龍江省,鸡西市,32.67241732258065,38.07676503225806,10.605042441935485,15.519619580645161,0.5165311267741935,34.21127477419355,259.35888161290325,76.99514780645161,99951.42574193548,4.7262796591935485,-1.9396609489677419,2013-12-01
黑龙江省|黑龍江省,鹤岗市,11.123006612903225,12.69526016451613,5.207896603225806,7.493921429032258,0.28294177741935483,40.08958064516129,256.8813606451613,74.53034748387097,99438.06774193549,4.2329252354838705,-2.420274228387097,2013-12-01
黑龙江省|黑龍江省,黑河市,8.269827225806452,9.268814206451614,3.2414536999999997,4.17860805483871,0.26065721838709677,43.14639780645162,255.44598838709678,78.78872709677418,97370.80074193548,2.3565439740967746,-2.2517675968064514,2013-12-01
黑龙江省|黑龍江省,齐齐哈尔市,35.72090924193548,42.66905309677419,12.781156406451613,9.845072329032257,0.6151761922580645,37.98910935483871,258.61861967741936,73.14971432258065,99595.86483870968,2.046400293548387,-3.043425243870968,2013-12-01
